{
  "properties": {
    "connectionReferences": {
      "shared_commondataserviceforapps": {
        "runtimeSource": "embedded",
        "connection": {
          "connectionReferenceLogicalName": "bna_sharedcommondataserviceforapps_ecc9c"
        },
        "api": {
          "name": "shared_commondataserviceforapps"
        }
      }
    },
    "definition": {
      "$schema": "https://schema.management.azure.com/providers/Microsoft.Logic/schemas/2016-06-01/workflowdefinition.json#",
      "contentVersion": "1.0.0.0",
      "parameters": {
        "$connections": {
          "defaultValue": {},
          "type": "Object"
        },
        "$authentication": {
          "defaultValue": {},
          "type": "SecureObject"
        }
      },
      "triggers": {
        "When_a_row_is_added,_modified_or_deleted": {
          "metadata": {
            "operationMetadataId": "f3fcb741-abc2-433d-9f60-97f0a46076e8"
          },
          "type": "OpenApiConnectionWebhook",
          "inputs": {
            "host": {
              "connectionName": "shared_commondataserviceforapps",
              "operationId": "SubscribeWebhookTrigger",
              "apiId": "/providers/Microsoft.PowerApps/apis/shared_commondataserviceforapps"
            },
            "parameters": {
              "subscriptionRequest/message": 1,
              "subscriptionRequest/entityname": "bna_accident",
              "subscriptionRequest/scope": 4
            },
            "authentication": "@parameters('$authentication')"
          }
        }
      },
      "actions": {
        "Initialize_variable_2": {
          "runAfter": {
            "Update_record_with_GUID_and_URL": [
              "Succeeded"
            ]
          },
          "metadata": {
            "operationMetadataId": "05652494-5469-476a-becf-f3fb8a7e992b"
          },
          "type": "InitializeVariable",
          "inputs": {
            "variables": [
              {
                "name": "Email Template",
                "type": "string",
                "value": " <p>Hello, </p>\n\n<p>Thank you for submitting the initial half of your accident report. Please follow the    <a href=\"@{outputs('Update_record_with_GUID_and_URL')?['body/bna_portalformurl']}\">link</a> to complete the final portion of the report with 24 hours of the accident. </p>\n    \n    \n <p>As a reminder, photos of the accident scene as well as the other driver’s license and insurance information should be attached to the ticket you created in Clypboard. </p>\n    \n<p> If you have any questions, please call 763-502-1701.</P>\n    \n<p>Thank you!</p>\n    \n<p>The Fleet Management Team</p>\n"
              }
            ]
          }
        },
        "Update_record_with_GUID_and_URL": {
          "runAfter": {},
          "metadata": {
            "operationMetadataId": "affa76f4-57b3-434c-aa18-9786efba0713"
          },
          "type": "OpenApiConnection",
          "inputs": {
            "host": {
              "connectionName": "shared_commondataserviceforapps",
              "operationId": "UpdateRecord",
              "apiId": "/providers/Microsoft.PowerApps/apis/shared_commondataserviceforapps"
            },
            "parameters": {
              "entityName": "bna_accidents",
              "recordId": "@triggerOutputs()?['body/bna_accidentid']",
              "item/bna_portalformurl": "https://plunkettssandbox.powerappsportals.com/crashreport24/?id=@{triggerOutputs()?['body/bna_accidentid']}",
              "item/bna_recordguid": "@triggerOutputs()?['body/bna_accidentid']"
            },
            "authentication": "@parameters('$authentication')"
          }
        },
        "Create_Email_Template": {
          "runAfter": {
            "Initialize_variable_2": [
              "Succeeded"
            ]
          },
          "metadata": {
            "operationMetadataId": "55512df9-1dc5-47ca-a260-d90a62f0a285"
          },
          "type": "OpenApiConnection",
          "inputs": {
            "host": {
              "connectionName": "shared_commondataserviceforapps",
              "operationId": "CreateRecord",
              "apiId": "/providers/Microsoft.PowerApps/apis/shared_commondataserviceforapps"
            },
            "parameters": {
              "entityName": "emails",
              "item/activitypointer_activity_parties": [
                {
                  "participationtypemask": 2,
                  "partyid@odata.bind": "bna_drivers(@{triggerOutputs()?['body/_bna_plunkettsdriver_value']})"
                }
              ],
              "item/description": "@variables('Email Template')",
              "item/regardingobjectid_bna_accident_email@odata.bind": "bna_accidents(@{triggerOutputs()?['body/bna_accidentid']})",
              "item/subject": "Accident Follow Up"
            },
            "authentication": "@parameters('$authentication')"
          }
        },
        "Perform_a_bound_action": {
          "runAfter": {
            "Create_Email_Template": [
              "Succeeded"
            ]
          },
          "metadata": {
            "operationMetadataId": "a7be7e03-0557-421d-b15d-00d5bedd57b5"
          },
          "type": "OpenApiConnection",
          "inputs": {
            "host": {
              "connectionName": "shared_commondataserviceforapps",
              "operationId": "PerformBoundAction",
              "apiId": "/providers/Microsoft.PowerApps/apis/shared_commondataserviceforapps"
            },
            "parameters": {
              "entityName": "emails",
              "actionName": "Microsoft.Dynamics.CRM.SendEmail",
              "recordId": "@outputs('Create_Email_Template')?['body/activityid']",
              "item/IssueSend": true
            },
            "authentication": "@parameters('$authentication')"
          }
        }
      }
    },
    "templateName": null
  },
  "schemaVersion": "1.0.0.0"
}