{
  "properties": {
    "connectionReferences": {
      "shared_commondataserviceforapps": {
        "runtimeSource": "embedded",
        "connection": {
          "connectionReferenceLogicalName": "bna_sharedcommondataserviceforapps_ecc9c"
        },
        "api": {
          "name": "shared_commondataserviceforapps"
        }
      }
    },
    "definition": {
      "$schema": "https://schema.management.azure.com/providers/Microsoft.Logic/schemas/2016-06-01/workflowdefinition.json#",
      "contentVersion": "1.0.0.0",
      "parameters": {
        "$connections": {
          "defaultValue": {},
          "type": "Object"
        },
        "$authentication": {
          "defaultValue": {},
          "type": "SecureObject"
        }
      },
      "triggers": {
        "When_a_row_is_added,_modified_or_deleted": {
          "metadata": {
            "operationMetadataId": "6d0249b0-a8eb-4b3a-9b07-a8fa09f4ffa6"
          },
          "type": "OpenApiConnectionWebhook",
          "inputs": {
            "host": {
              "connectionName": "shared_commondataserviceforapps",
              "operationId": "SubscribeWebhookTrigger",
              "apiId": "/providers/Microsoft.PowerApps/apis/shared_commondataserviceforapps"
            },
            "parameters": {
              "subscriptionRequest/message": 3,
              "subscriptionRequest/entityname": "bna_vehicle",
              "subscriptionRequest/scope": 4,
              "subscriptionRequest/filterexpression": "bna_createserviceschedule eq true"
            },
            "authentication": "@parameters('$authentication')"
          }
        }
      },
      "actions": {
        "List_Service_Setup": {
          "runAfter": {},
          "metadata": {
            "operationMetadataId": "ab118ccf-de95-49a9-9708-db61970a031c"
          },
          "type": "OpenApiConnection",
          "inputs": {
            "host": {
              "connectionName": "shared_commondataserviceforapps",
              "operationId": "ListRecords",
              "apiId": "/providers/Microsoft.PowerApps/apis/shared_commondataserviceforapps"
            },
            "parameters": {
              "entityName": "bna_serviceschedulesetups",
              "$filter": "_bna_vehiclemodel_value eq '@{triggerOutputs()?['body/_bna_vehiclemodel_value']}'"
            },
            "authentication": "@parameters('$authentication')"
          }
        },
        "Apply_to_each": {
          "foreach": "@outputs('List_Service_Setup')?['body/value']",
          "actions": {
            "Add_a_new_row": {
              "runAfter": {},
              "metadata": {
                "operationMetadataId": "0f9796ae-9402-4959-a7e1-bbd0f32d1587"
              },
              "type": "OpenApiConnection",
              "inputs": {
                "host": {
                  "connectionName": "shared_commondataserviceforapps",
                  "operationId": "CreateRecord",
                  "apiId": "/providers/Microsoft.PowerApps/apis/shared_commondataserviceforapps"
                },
                "parameters": {
                  "entityName": "bna_maintenanceschedules",
                  "item/bna_MaintenanceType@odata.bind": "bna_maintenancetypeses/@{items('Apply_to_each')?['_bna_maintenacetype_value']}",
                  "item/bna_milageinverntal": "@items('Apply_to_each')?['bna_servicemilage']",
                  "item/bna_Vehicle@odata.bind": "bna_vehicles/@{triggerOutputs()?['body/bna_vehicleid']}"
                },
                "authentication": "@parameters('$authentication')"
              }
            }
          },
          "runAfter": {
            "List_Service_Setup": [
              "Succeeded"
            ]
          },
          "metadata": {
            "operationMetadataId": "1a5c9236-ec61-4b20-8311-bf6ac58bb7b2"
          },
          "type": "Foreach"
        }
      }
    },
    "templateName": null
  },
  "schemaVersion": "1.0.0.0"
}