{
  "properties": {
    "connectionReferences": {
      "shared_commondataservice": {
        "runtimeSource": "invoker",
        "connection": {
          "connectionReferenceLogicalName": "bna_sharedcommondataservice_24e26"
        },
        "api": {
          "name": "shared_commondataservice"
        }
      }
    },
    "definition": {
      "$schema": "https://schema.management.azure.com/providers/Microsoft.Logic/schemas/2016-06-01/workflowdefinition.json#",
      "contentVersion": "1.0.0.0",
      "parameters": {
        "$connections": {
          "defaultValue": {},
          "type": "Object"
        },
        "$authentication": {
          "defaultValue": {},
          "type": "SecureObject"
        }
      },
      "triggers": {
        "manual": {
          "splitOn": "@triggerBody()['rows']",
          "metadata": {
            "operationMetadataId": "424e444a-68eb-4bcc-b0a0-21232e9cada8"
          },
          "type": "Request",
          "kind": "ApiConnection",
          "inputs": {
            "schema": {
              "type": "object",
              "properties": {
                "rows": {
                  "type": "array",
                  "items": {
                    "type": "object",
                    "properties": {
                      "entity": {
                        "type": "object",
                        "properties": {
                          "bna_vehicleid": {
                            "title": "Vehicle ",
                            "type": "string",
                            "format": "guid"
                          }
                        },
                        "required": [
                          "bna_vehicleid"
                        ]
                      }
                    },
                    "required": [
                      "entity"
                    ]
                  }
                }
              },
              "required": [
                "rows"
              ]
            },
            "host": {
              "connection": {
                "name": "@parameters('$connections')['shared_commondataservice']['connectionId']"
              }
            },
            "operationId": "GetOnNewItems_V2",
            "parameters": {
              "dataset": "default.cds",
              "table": "bna_vehicles"
            }
          }
        }
      },
      "actions": {
        "Create_Vehicle_History": {
          "runAfter": {
            "Get_Vehicle": [
              "Succeeded"
            ]
          },
          "metadata": {
            "operationMetadataId": "b02e4cb8-f566-47a4-b460-fc6497dece52"
          },
          "type": "OpenApiConnection",
          "inputs": {
            "host": {
              "connectionName": "shared_commondataservice",
              "operationId": "PostItem_V2",
              "apiId": "/providers/Microsoft.PowerApps/apis/shared_commondataservice"
            },
            "parameters": {
              "dataset": "https://plksandbox.crm.dynamics.com",
              "table": "bna_vehiclehistories",
              "item/bna_name": "@outputs('Get_Vehicle')?['body/bna_name']",
              "item/bna_depreciationmethod": "@outputs('Get_Vehicle')?['body/bna_depreciationmethod']",
              "item/bna_parkedlocation": "@outputs('Get_Vehicle')?['body/bna_vehicleparkedlocation']",
              "item/bna_propertytaxcounty": "@outputs('Get_Vehicle')?['body/bna_propertytaxcounty']",
              "item/bna_propertytaxstateamount": "@outputs('Get_Vehicle')?['body/bna_propertytaxstateamount']",
              "item/bna_propertytaxcountyamount": "@outputs('Get_Vehicle')?['body/bna_propertytaxcountyamount']",
              "item/bna_propertytaxpaid": "@outputs('Get_Vehicle')?['body/bna_propertytaxpaid']",
              "item/bna_registrationfees": "@outputs('Get_Vehicle')?['body/bna_registrationfees']",
              "item/bna_registrationsalestaxcountyamount": "@outputs('Get_Vehicle')?['body/bna_registrationsalestaxcountyamount']",
              "item/bna_registrationsalestaxcountypaid": "@outputs('Get_Vehicle')?['body/bna_registrationsalestaxcountypaid']",
              "item/bna_registrationsalestaxstateamount": "@outputs('Get_Vehicle')?['body/bna_registrationsalestaxstateamount']",
              "item/_ownerid_type": "",
              "item/_bna_propertytaxstate_value": "@outputs('Get_Vehicle')?['body/_bna_propertytaxstate_value']",
              "item/_bna_registrationsalestaxstatepaid_value": "@outputs('Get_Vehicle')?['body/_bna_registrationsalestaxstatepaid_value']",
              "item/_bna_vehicle_value": "@outputs('Get_Vehicle')?['body/bna_vehicleid']"
            },
            "authentication": {
              "type": "Raw",
              "value": "@json(decodeBase64(triggerOutputs().headers['X-MS-APIM-Tokens']))['$ConnectionKey']"
            }
          }
        },
        "Get_Vehicle": {
          "runAfter": {},
          "metadata": {
            "operationMetadataId": "183cc698-cb7a-40b4-b76b-bef549e84742"
          },
          "type": "OpenApiConnection",
          "inputs": {
            "host": {
              "connectionName": "shared_commondataservice",
              "operationId": "GetItem_V2",
              "apiId": "/providers/Microsoft.PowerApps/apis/shared_commondataservice"
            },
            "parameters": {
              "dataset": "https://plksandbox.crm.dynamics.com",
              "table": "bna_vehicles",
              "id": "@triggerBody()?['entity']?['bna_vehicleid']"
            },
            "authentication": {
              "type": "Raw",
              "value": "@json(decodeBase64(triggerOutputs().headers['X-MS-APIM-Tokens']))['$ConnectionKey']"
            }
          }
        }
      },
      "outputs": {}
    },
    "templateName": null
  },
  "schemaVersion": "1.0.0.0"
}