{
  "properties": {
    "connectionReferences": {
      "shared_commondataserviceforapps": {
        "runtimeSource": "embedded",
        "connection": {
          "connectionReferenceLogicalName": "bna_sharedcommondataserviceforapps_ecc9c"
        },
        "api": {
          "name": "shared_commondataserviceforapps"
        }
      }
    },
    "definition": {
      "$schema": "https://schema.management.azure.com/providers/Microsoft.Logic/schemas/2016-06-01/workflowdefinition.json#",
      "contentVersion": "1.0.0.0",
      "parameters": {
        "$connections": {
          "defaultValue": {},
          "type": "Object"
        },
        "$authentication": {
          "defaultValue": {},
          "type": "SecureObject"
        }
      },
      "triggers": {
        "When_Driver's_Record_is_Deactivated": {
          "metadata": {
            "operationMetadataId": "e5c8b290-8950-4701-82fc-1fc566baa7f6"
          },
          "type": "OpenApiConnectionWebhook",
          "inputs": {
            "host": {
              "connectionName": "shared_commondataserviceforapps",
              "operationId": "SubscribeWebhookTrigger",
              "apiId": "/providers/Microsoft.PowerApps/apis/shared_commondataserviceforapps"
            },
            "parameters": {
              "subscriptionRequest/message": 3,
              "subscriptionRequest/entityname": "bna_driver",
              "subscriptionRequest/scope": 4,
              "subscriptionRequest/filteringattributes": "statuscode"
            },
            "authentication": "@parameters('$authentication')"
          }
        }
      },
      "actions": {
        "Scope": {
          "actions": {
            "Get_All_Vehicles_Regarding_the_Driver": {
              "runAfter": {},
              "metadata": {
                "operationMetadataId": "d170f2c0-7ed0-4e2b-86b5-3feffc743dca"
              },
              "type": "OpenApiConnection",
              "inputs": {
                "host": {
                  "connectionName": "shared_commondataserviceforapps",
                  "operationId": "ListRecords",
                  "apiId": "/providers/Microsoft.PowerApps/apis/shared_commondataserviceforapps"
                },
                "parameters": {
                  "entityName": "bna_vehicles",
                  "$select": "bna_vehicleid,statuscode,statecode",
                  "$filter": "(_bna_assignname_value eq @{triggerOutputs()?['body/bna_driverid']})"
                },
                "authentication": "@parameters('$authentication')"
              }
            },
            "Update_All_Vehicles_Status_To_Open_OR_Unassigned": {
              "foreach": "@outputs('Get_All_Vehicles_Regarding_the_Driver')?['body/value']",
              "actions": {
                "Update_Vehicle": {
                  "runAfter": {},
                  "metadata": {
                    "operationMetadataId": "0d04ef35-f99b-4e20-9c24-a3df394abd1c"
                  },
                  "type": "OpenApiConnection",
                  "inputs": {
                    "host": {
                      "connectionName": "shared_commondataserviceforapps",
                      "operationId": "UpdateRecord",
                      "apiId": "/providers/Microsoft.PowerApps/apis/shared_commondataserviceforapps"
                    },
                    "parameters": {
                      "entityName": "bna_vehicles",
                      "recordId": "@items('Update_All_Vehicles_Status_To_Open_OR_Unassigned')?['bna_vehicleid']",
                      "item/bna_AssignName@odata.bind": "@null",
                      "item/statuscode": 3
                    },
                    "authentication": "@parameters('$authentication')"
                  }
                }
              },
              "runAfter": {
                "Get_All_Vehicles_Regarding_the_Driver": [
                  "Succeeded"
                ]
              },
              "metadata": {
                "operationMetadataId": "670b9e2c-5d77-44ec-a80a-c848c6d0a886"
              },
              "type": "Foreach"
            }
          },
          "runAfter": {},
          "metadata": {
            "operationMetadataId": "95a64fe5-c218-4538-ab32-57f3383eb75d"
          },
          "type": "Scope"
        },
        "Scope_2": {
          "actions": {
            "Terminate": {
              "runAfter": {},
              "metadata": {
                "operationMetadataId": "57e2bcaf-5443-4958-8e6b-58b2f8788f73"
              },
              "type": "Terminate",
              "inputs": {
                "runStatus": "Failed",
                "runError": {
                  "message": "The flow is failed"
                }
              }
            }
          },
          "runAfter": {
            "Scope": [
              "Failed",
              "Skipped",
              "TimedOut"
            ]
          },
          "metadata": {
            "operationMetadataId": "96171946-6a5c-4fd2-96a0-1e018dc94bfc"
          },
          "type": "Scope"
        }
      },
      "outputs": {}
    },
    "templateName": null
  },
  "schemaVersion": "1.0.0.0"
}