{
  "properties": {
    "connectionReferences": {
      "shared_sharepointonline": {
        "runtimeSource": "embedded",
        "connection": {
          "connectionReferenceLogicalName": "bna_sharedsharepointonline_46bef"
        },
        "api": {
          "name": "shared_sharepointonline"
        }
      },
      "shared_commondataserviceforapps": {
        "runtimeSource": "embedded",
        "connection": {
          "connectionReferenceLogicalName": "bna_sharedcommondataserviceforapps_ecc9c"
        },
        "api": {
          "name": "shared_commondataserviceforapps"
        }
      }
    },
    "definition": {
      "$schema": "https://schema.management.azure.com/providers/Microsoft.Logic/schemas/2016-06-01/workflowdefinition.json#",
      "contentVersion": "1.0.0.0",
      "parameters": {
        "$connections": {
          "defaultValue": {},
          "type": "Object"
        },
        "$authentication": {
          "defaultValue": {},
          "type": "SecureObject"
        }
      },
      "triggers": {
        "When_Picture_is_uploaded_against_Vehicle_Accident": {
          "metadata": {
            "operationMetadataId": "ba3e7466-00cf-47e5-bc81-a6fcec44491f"
          },
          "type": "OpenApiConnectionWebhook",
          "inputs": {
            "host": {
              "connectionName": "shared_commondataserviceforapps",
              "operationId": "SubscribeWebhookTrigger",
              "apiId": "/providers/Microsoft.PowerApps/apis/shared_commondataserviceforapps"
            },
            "parameters": {
              "subscriptionRequest/message": 1,
              "subscriptionRequest/entityname": "annotation",
              "subscriptionRequest/scope": 4
            },
            "authentication": "@parameters('$authentication')"
          }
        }
      },
      "actions": {
        "Check_If_Entity_Is_bna_accident_and_mime_type_is_jpg_or_png_or_jpeg": {
          "actions": {
            "Send_an_HTTP_request_to_SharePoint": {
              "runAfter": {
                "Compose": [
                  "Succeeded"
                ]
              },
              "metadata": {
                "operationMetadataId": "08bde42a-a4bd-4262-8903-18bea3d11466"
              },
              "type": "OpenApiConnection",
              "inputs": {
                "host": {
                  "connectionName": "shared_sharepointonline",
                  "operationId": "HttpRequest",
                  "apiId": "/providers/Microsoft.PowerApps/apis/shared_sharepointonline"
                },
                "parameters": {
                  "dataset": "https://plunkettsnet.sharepoint.com/sites/VehicleManagementDocumentStorage",
                  "parameters/method": "POST",
                  "parameters/uri": "_api/Web/Lists('8fdb37d5-03b5-4d27-a6ea-6ee1f5c1a258')/Items(@{outputs('Create_item')?['body/ID']})/ValidateUpdateListItem",
                  "parameters/headers": {
                    "content-type": "application/json; odata=verbose"
                  },
                  "parameters/body": "{\n\"formValues\":[\n{\n'FieldName':'VehicleImage',\n'FieldValue':'@{outputs('Compose')}'\n}\n]\n}"
                },
                "authentication": "@parameters('$authentication')"
              }
            },
            "Create_item": {
              "runAfter": {},
              "metadata": {
                "operationMetadataId": "5f73db8c-374e-4e46-a8d1-7a2b3d8e7e59"
              },
              "type": "OpenApiConnection",
              "inputs": {
                "host": {
                  "connectionName": "shared_sharepointonline",
                  "operationId": "PostItem",
                  "apiId": "/providers/Microsoft.PowerApps/apis/shared_sharepointonline"
                },
                "parameters": {
                  "dataset": "https://plunkettsnet.sharepoint.com/sites/VehicleManagementDocumentStorage",
                  "table": "8fdb37d5-03b5-4d27-a6ea-6ee1f5c1a258",
                  "view": "5775e915-9484-4d04-9f67-2f7c170e90bd",
                  "item/Title": "@variables('Vehicle')",
                  "item/PlunkettsDriver": "@variables('Driver')",
                  "item/AccidentDate": "@outputs('Accident_Details')?['body/bna_dateofaccident']"
                },
                "authentication": "@parameters('$authentication')"
              }
            },
            "Compose": {
              "runAfter": {
                "Set_variable": [
                  "Succeeded"
                ]
              },
              "metadata": {
                "operationMetadataId": "880daaec-f344-45d0-ae42-742220a2c512"
              },
              "type": "Compose",
              "inputs": {
                "type": "thumbnail",
                "fileName": "@{triggerOutputs()?['body/filename']}",
                "nativefile": {},
                "fieldName": "VehicleImage",
                "serverUrl": "https://plunkettsnet.sharepoint.com",
                "serverRelativeUrl": "@{outputs('Attachment')?['body/AbsoluteUri']}",
                "id": "@{guid()}"
              }
            },
            "Attachment": {
              "runAfter": {
                "Compose_2": [
                  "Succeeded"
                ]
              },
              "metadata": {
                "operationMetadataId": "f90020c3-a9de-4983-9b7c-eebe359a3984"
              },
              "type": "OpenApiConnection",
              "inputs": {
                "host": {
                  "connectionName": "shared_sharepointonline",
                  "operationId": "CreateAttachment",
                  "apiId": "/providers/Microsoft.PowerApps/apis/shared_sharepointonline"
                },
                "parameters": {
                  "dataset": "https://plunkettsnet.sharepoint.com/sites/VehicleManagementDocumentStorage",
                  "table": "8fdb37d5-03b5-4d27-a6ea-6ee1f5c1a258",
                  "itemId": "@outputs('Create_item')?['body/ID']",
                  "displayName": "@triggerOutputs()?['body/filename']",
                  "body": "@outputs('Compose_2')"
                },
                "authentication": "@parameters('$authentication')"
              }
            },
            "Set_variable": {
              "runAfter": {
                "Attachment": [
                  "Succeeded"
                ]
              },
              "metadata": {
                "operationMetadataId": "a5ee1303-65ff-4e6e-92bc-2eb74d1cb0be"
              },
              "type": "SetVariable",
              "inputs": {
                "name": "url",
                "value": "@{decodeUriComponent(decodeUriComponent(outputs('Attachment')?['body/Id']))}"
              }
            },
            "Compose_2": {
              "runAfter": {
                "Create_item": [
                  "Succeeded"
                ]
              },
              "metadata": {
                "operationMetadataId": "de72c81a-3db6-4781-8cc6-9df6d101af47"
              },
              "type": "Compose",
              "inputs": "@base64ToBinary(triggerOutputs()?['body/documentbody'])"
            },
            "Delete_Note": {
              "runAfter": {
                "Send_an_HTTP_request_to_SharePoint": [
                  "Succeeded"
                ]
              },
              "metadata": {
                "operationMetadataId": "704d2b5f-3409-409c-91f7-cd3c412fefe4"
              },
              "type": "OpenApiConnection",
              "inputs": {
                "host": {
                  "connectionName": "shared_commondataserviceforapps",
                  "operationId": "DeleteRecord",
                  "apiId": "/providers/Microsoft.PowerApps/apis/shared_commondataserviceforapps"
                },
                "parameters": {
                  "entityName": "annotations",
                  "recordId": "@triggerOutputs()?['body/annotationid']"
                },
                "authentication": "@parameters('$authentication')"
              }
            }
          },
          "runAfter": {
            "Initialize_variable": [
              "Succeeded"
            ]
          },
          "expression": {
            "and": [
              {
                "equals": [
                  "@triggerOutputs()?['body/objecttypecode']",
                  "bna_accident"
                ]
              },
              {
                "or": [
                  {
                    "contains": [
                      "@triggerOutputs()?['body/mimetype']",
                      "png"
                    ]
                  },
                  {
                    "contains": [
                      "@triggerOutputs()?['body/mimetype']",
                      "jpg"
                    ]
                  },
                  {
                    "contains": [
                      "@triggerOutputs()?['body/mimetype']",
                      "jpeg"
                    ]
                  }
                ]
              }
            ]
          },
          "metadata": {
            "operationMetadataId": "e66acce0-eb08-4661-80bb-68a08c24f7d8"
          },
          "type": "If"
        },
        "Initialize_variable": {
          "runAfter": {
            "Vehicle_Name": [
              "Succeeded"
            ]
          },
          "metadata": {
            "operationMetadataId": "e0788fee-3266-430b-a4f6-cb2a48883652"
          },
          "type": "InitializeVariable",
          "inputs": {
            "variables": [
              {
                "name": "url",
                "type": "string"
              }
            ]
          }
        },
        "Accident_Details": {
          "runAfter": {},
          "metadata": {
            "operationMetadataId": "ea891050-44d3-4620-b803-795936aa7e16"
          },
          "type": "OpenApiConnection",
          "inputs": {
            "host": {
              "connectionName": "shared_commondataserviceforapps",
              "operationId": "GetItem",
              "apiId": "/providers/Microsoft.PowerApps/apis/shared_commondataserviceforapps"
            },
            "parameters": {
              "entityName": "bna_accidents",
              "recordId": "@triggerOutputs()?['body/_objectid_value']"
            },
            "authentication": "@parameters('$authentication')"
          }
        },
        "Driver_Name": {
          "runAfter": {
            "Accident_Details": [
              "Succeeded"
            ]
          },
          "metadata": {
            "operationMetadataId": "e2bb6766-28f3-4d56-8c7f-958a8fb8a961"
          },
          "type": "InitializeVariable",
          "inputs": {
            "variables": [
              {
                "name": "Driver",
                "type": "string",
                "value": "@{outputs('Accident_Details')?['body/_bna_plunkettsdriver_value@OData.Community.Display.V1.FormattedValue']}"
              }
            ]
          }
        },
        "Vehicle_Name": {
          "runAfter": {
            "Driver_Name": [
              "Succeeded"
            ]
          },
          "metadata": {
            "operationMetadataId": "c0d984bd-1e91-4d7c-9fbb-60134c054a1d"
          },
          "type": "InitializeVariable",
          "inputs": {
            "variables": [
              {
                "name": "Vehicle",
                "type": "string",
                "value": "@{outputs('Accident_Details')?['body/_bna_vehicle_value@OData.Community.Display.V1.FormattedValue']}"
              }
            ]
          }
        }
      },
      "outputs": {}
    },
    "templateName": null
  },
  "schemaVersion": "1.0.0.0"
}