﻿<?xml version="1.0" encoding="utf-8"?>
<Entity xmlns:i="http://www.w3.org/2001/XMLSchema-instance" xmlns="http://schemas.microsoft.com/xrm/2011/Contracts">
  <Attributes xmlns:d2p1="http://schemas.datacontract.org/2004/07/System.Collections.Generic">
    <KeyValuePairOfstringanyType>
      <d2p1:key>adx_alloworigin</d2p1:key>
      <d2p1:value i:nil="true" />
    </KeyValuePairOfstringanyType>
    <KeyValuePairOfstringanyType>
      <d2p1:key>adx_authorid</d2p1:key>
      <d2p1:value i:nil="true" />
    </KeyValuePairOfstringanyType>
    <KeyValuePairOfstringanyType>
      <d2p1:key>adx_botconsumerid</d2p1:key>
      <d2p1:value i:nil="true" />
    </KeyValuePairOfstringanyType>
    <KeyValuePairOfstringanyType>
      <d2p1:key>adx_category</d2p1:key>
      <d2p1:value i:nil="true" />
    </KeyValuePairOfstringanyType>
    <KeyValuePairOfstringanyType>
      <d2p1:key>adx_copy</d2p1:key>
      <d2p1:value i:nil="true" />
    </KeyValuePairOfstringanyType>
    <KeyValuePairOfstringanyType>
      <d2p1:key>adx_createdbyipaddress</d2p1:key>
      <d2p1:value i:nil="true" />
    </KeyValuePairOfstringanyType>
    <KeyValuePairOfstringanyType>
      <d2p1:key>adx_createdbyusername</d2p1:key>
      <d2p1:value i:nil="true" />
    </KeyValuePairOfstringanyType>
    <KeyValuePairOfstringanyType>
      <d2p1:key>adx_customcss</d2p1:key>
      <d2p1:value xmlns:d4p1="http://www.w3.org/2001/XMLSchema" i:type="d4p1:string">.description {
    margin-bottom: 20px !important;
}
.dynamicmargin{
  margin: 0 10px 30px 30px !important;
    float: left;
}
[data-name="Racial executive Leadership"] tbody tr:not(:first-child), [data-name="Racial Board Categories"] tbody tr:not(:first-child), [data-name="Racial Staff Categories"] tbody tr:not(:first-child), [data-name="Gender Leadership Categories"] tbody tr:not(:first-child), [data-name="Gender Board Categories"] tbody tr:not(:first-child), [data-name="Gender Staff Categories"] tbody tr:not(:first-child) {
    border: 1px solid;
}

[data-name="Racial executive Leadership"] tbody tr:not(:first-child) td, [data-name="Racial Board Categories"] tbody tr:not(:first-child) td, [data-name="Racial Staff Categories"] tbody tr:not(:first-child) td, [data-name="Gender Leadership Categories"] tbody tr:not(:first-child) td, [data-name="Gender Board Categories"] tbody tr:not(:first-child) td, [data-name="Gender Staff Categories"] tbody tr:not(:first-child) td {
padding-top: 20px;}


.titleDescription{
  float: left;
  margin-left: 100px;
  padding: 15px 0px 15px 0px;
}
.titleinput{
  float: right;
  margin-right: 100px;
  padding: 15px 0px 15px 0px;

}
</d2p1:value>
    </KeyValuePairOfstringanyType>
    <KeyValuePairOfstringanyType>
      <d2p1:key>adx_customjavascript</d2p1:key>
      <d2p1:value xmlns:d4p1="http://www.w3.org/2001/XMLSchema" i:type="d4p1:string">
 $(document).on("click change",".create-action:eq(0)", function(){
        var first = parent.window.$(".view-grid").eq(0).find( "td[data-attribute|='rfdi_member_type']").eq(0).text();
         if(first == "Leadership Racial Identity"){
        vaalueis = 1;
       
        }
    });
     $('.modal-lg').on('show.bs.modal', function(e) {
          alert("inside function e")
    //get data-id attribute of the clicked element
    var bookId = "12";

    //populate the textbox
    $(e.currentTarget).find('rfdi_racial_leadership_member').val(bookId);
});
    $(document).on("click change",".create-action:eq(1)", function(){
        var first = parent.window.$(".view-grid").eq(1).find( "td[data-attribute|='rfdi_member_type']").eq(0).text();
        if(first == "Board Racial Identity"){
        valueis = 2;
        localStorage.setItem("membertypeIS", vaalueis);
        }
    });
//getting the Survey Name from investee advanced form step
var activeTabInvestee = window.parent.$('.list-group-item').eq(1);
if (activeTabInvestee.hasClass('active')) {
          
//setting servey name from advanceform first step
var servaynameIS = parent.$("#rfdi_redisurvey").val();

//Setting localstorage element of serveyname
localStorage.setItem("CurrentSurvey", servaynameIS);
 
}

// to change the color of advanced form which are already visited
$("li.text-muted").css("background-color","green");  
$("li.text-muted").css("color","white");  
//Change the advanced form button label 
$("#NextButton").prop("value", "Save and Next");
$("#NextButton").css("color","white")
//Demographic information part A section name resize
$(".show-bar").css("font-size","20px");

//Guiedance step text
$( "table[data-name|='Guidance section']").find("tbody").append("&lt;tr&gt;&lt;td class='dynamicmargin'&gt;&lt;p&gt;&lt;b&gt;&lt;u&gt;BMP Demographic Investee Survey&lt;/u&gt;&lt;/b&gt;&lt;/p&gt;&lt;p&gt;Blue Meridian Partners is committed to supporting, engaging, and learning with our investees. Today we are inviting you to share with us where you are on your racial equity, diversity, and inclusion (REDI) journey.  This inaugural survey will help us more systematically understand the demographic makeup of our investees, including the patterns and trends reflected in our investment decisions. This survey will also help us understand how you define your own REDI efforts in the context of your organization.&lt;/p&gt;&lt;p&gt;The survey is divided into the following &lt;u&gt;four&lt;/u&gt; sections: &lt;/p&gt;&lt;ol type='I'&gt;&lt;li&gt;Investee Background Information &lt;/li&gt;&lt;li&gt;Demographic Information  &lt;/li&gt;&lt;li&gt;REDI Self-Reporting &lt;/li&gt;&lt;li&gt;Feedback &lt;/li&gt;&lt;/ol&gt;&lt;p&gt;Section I of the survey (“Investee Background Information”) focuses on general background information about the organization. &lt;/p&gt;&lt;p&gt;Section II of the survey (“Demographic Information”) is split into three parts, Part (A), Part (B) and Part (C). Part (A) (titled “Racial Identity Demographics”) asks demographic information on race/ethnicity within the organization. Part (B) (titled “Gender Identity Demographics”) asks demographic information about gender within the organization. Part (C) (titled “Additional Information”) invites organizations to share information regarding other race/ethnicity or gender information that was not listed in our survey. It also invites organizations to share other demographic or identifying information that they collect or think is important to collect systematically.  &lt;b&gt;We also acknowledge that many organizations may collect this information using less detailed, or broader identities than those listed below. In these instances, please report counts on the identities for which you collect data. While all staff members should be accounted for in your reporting, not all race/ethnicity identities or gender identities need to be utilized.&lt;/b&gt; &lt;/p&gt;&lt;p&gt;Section III of the survey (“REDI Self-Reporting Assessment”) is the self-reporting assessment portion of the survey. The open-ended questions in this section invite respondents to assess their organization across four dimensions of racial equity that Blue Meridian Partners has adopted in our organizational priorities&lt;/p&gt;&lt;p&gt;Section IV of the survey (“Feedback”) requests any additional comments or information the organization would like to share regarding the survey. For example, organizations may share comments about the survey structure. &lt;/p&gt;&lt;p&gt;&lt;b&gt;Please note the race/ethnicity identities in this survey were chosen to be consistent with existing sector-relevant standards. Similarly, the gender identities below were chosen based on emerging best practices and extensive consultation with experts in this area. Though these categories were designed to be as inclusive as possible, we acknowledge that your organization may collect information on staff race/ethnicity and staff gender identities using different or more extensive standards. We encourage you to share these practices in Section IV titled “Feedback”. &lt;/b&gt;&lt;/p&gt;&lt;/td&gt;&lt;/tr&gt;")

//Make the "Survey detail" advanced form fields "Label and inputs" in parallel

//Racial executive Leadership


$( "table[data-name|='Racial executive Leadership']").find(".info").css("width","500px" );
$( "table[data-name|='Racial executive Leadership']").find(".info").css("clear","both" );
$( "table[data-name|='Racial executive Leadership']").find(".info").css("float","left" )

$( "table[data-name|='Racial executive Leadership']").find(".control").css("clear","none" );
$( "table[data-name|='Racial executive Leadership']").find(".control").css("float","left" );
$( "table[data-name|='Racial executive Leadership']").find(".control").css("width","200px" );



//Racial Board Categories
$( "table[data-name|='Racial Board Categories']").find(".info").css("width","500px" );
$( "table[data-name|='Racial Board Categories']").find(".info").css("clear","both" );
$( "table[data-name|='Racial Board Categories']").find(".info").css("float","left" )

$( "table[data-name|='Racial Board Categories']").find(".control").css("clear","none" );
$( "table[data-name|='Racial Board Categories']").find(".control").css("float","left" );
$( "table[data-name|='Racial Board Categories']").find(".control").css("width","200px" );

//Racial Staff Categories
$( "table[data-name|='Racial Staff Categories']").find(".info").css("width","500px" );
$( "table[data-name|='Racial Staff Categories']").find(".info").css("clear","both" );
$( "table[data-name|='Racial Staff Categories']").find(".info").css("float","left" );


$( "table[data-name|='Racial Staff Categories']").find(".control").css("clear","none" );
$( "table[data-name|='Racial Staff Categories']").find(".control").css("float","left" );
$( "table[data-name|='Racial Staff Categories']").find(".control").css("width","200px" );

//Gender Leadership Cetegories
$( "table[data-name|='Gender Leadership Categories']").find(".info").css("width","500px" );
$( "table[data-name|='Gender Leadership Categories']").find(".info").css("clear","both" );
$( "table[data-name|='Gender Leadership Categories']").find(".info").css("float","left" );

$( "table[data-name|='Gender Leadership Categories']").find(".control").css("clear","none" );
$( "table[data-name|='Gender Leadership Categories']").find(".control").css("float","left" );
$( "table[data-name|='Gender Leadership Categories']").find(".control").css("width","200px" );

//Gender Board Categories
$( "table[data-name|='Gender Board Categories']").find(".info").css("width","500px" );
$( "table[data-name|='Gender Board Categories']").find(".info").css("clear","both" );
$( "table[data-name|='Gender Board Categories']").find(".info").css("float","left" );

$( "table[data-name|='Gender Board Categories']").find(".control").css("clear","none" );
$( "table[data-name|='Gender Board Categories']").find(".control").css("float","left" );
$( "table[data-name|='Gender Board Categories']").find(".control").css("width","200px" );

//Gender Staff Categories
$( "table[data-name|='Gender Staff Categories']").find(".info").css("width","500px" );
$( "table[data-name|='Gender Staff Categories']").find(".info").css("clear","both" );
$( "table[data-name|='Gender Staff Categories']").find(".info").css("float","left" );


$( "table[data-name|='Gender Staff Categories']").find(".control").css("clear","none" );
$( "table[data-name|='Gender Staff Categories']").find(".control").css("float","left" );
$( "table[data-name|='Gender Staff Categories']").find(".control").css("width","200px" );

//Adding Gender leadership description
$( "table[data-name|='Gender Leadership Categories']").find("tbody").prepend("&lt;tr&gt;&lt;td class='dynamicmargin'&gt;&lt;p&gt; In the table below please provide the following for the &lt;b&gt;organization’s executive/leadership team (including&lt;/b&gt; the CEO/ED):&lt;/p&gt;&lt;ul&gt;&lt;li&gt;Number of members that identify as cisgender&lt;/li&gt;&lt;li&gt;Number of members that identify as transgender&lt;/li&gt;&lt;li&gt;Number of members that identify as other (neither cisgender nor transgender).&lt;/li&gt;&lt;li&gt;Number of members who prefer not to answer or whose gender identity you were not able to collect.&lt;/li&gt;&lt;/ul&gt;&lt;p&gt;&lt;b&gt;Note:&lt;/b&gt; Only one answer should be provided for any single member of the organization’s executive/leadership team.&lt;/p&gt;&lt;/td&gt;&lt;/tr&gt;"
);
//Adding Gender Board description
$( "table[data-name|='Gender Board Categories']").find("tbody").prepend("&lt;tr&gt;&lt;td class='dynamicmargin'&gt;&lt;p&gt; In the table below please provide the following for the &lt;b&gt;board (including&lt;/b&gt; the CEO/ED):&lt;/p&gt;&lt;ul&gt;&lt;li&gt;Number of members that identify as cisgender&lt;/li&gt;&lt;li&gt;Number of members that identify as transgender&lt;/li&gt;&lt;li&gt;Number of members that identify as other (neither cisgender nor transgender).&lt;/li&gt;&lt;li&gt;Number of members who prefer not to answer or whose gender identity you were not able to collect.&lt;/li&gt;&lt;/ul&gt;&lt;p&gt;&lt;b&gt;Note:&lt;/b&gt; Only one answer should be provided for any single member of the organization’s executive/leadership team.&lt;/p&gt;&lt;/td&gt;&lt;/tr&gt;"
);
//Adding Gender Staff description
$( "table[data-name|='Gender Staff Categories']").find("tbody").prepend("&lt;tr&gt;&lt;td class='dynamicmargin'&gt;&lt;p&gt; (OPTIONAL) In the table below please provide the following for the &lt;b&gt;staff (including&lt;/b&gt; the CEO/ED):&lt;/p&gt;&lt;ul&gt;&lt;li&gt;Number of members that identify as cisgender&lt;/li&gt;&lt;li&gt;Number of members that identify as transgender&lt;/li&gt;&lt;li&gt;Number of members that identify as other (neither cisgender nor transgender).&lt;/li&gt;&lt;li&gt;Number of members who prefer not to answer or whose gender identity you were not able to collect.&lt;/li&gt;&lt;/ul&gt;&lt;p&gt;&lt;b&gt;Note:&lt;/b&gt; Only one answer should be provided for any single member of the organization’s executive/leadership team.&lt;/p&gt;&lt;/td&gt;&lt;/tr&gt;"
);


//Adding Racial leadership description
$( "table[data-name|='Racial executive Leadership']").find("tbody").prepend("&lt;tr&gt;&lt;td class='dynamicmargin'&gt;&lt;p&gt; In the table below please provide the following for the &lt;b&gt;organization’s executive/leadership team (including&lt;/b&gt; the CEO/ED):&lt;/p&gt;&lt;ul&gt;&lt;li&gt;Number of members that identify as members of a racially underrepresented group in the U.S.&lt;/li&gt;&lt;li&gt;Number of members that &lt;b&gt;DO NOT&lt;/b&gt; identify as members of a racially underrepresented group in the U.S.&lt;/li&gt;&lt;li&gt;Number of members that preferred not to answer.&lt;/li&gt;&lt;li&gt;Number of members whose answers you were not able to collect.&lt;/li&gt;&lt;/ul&gt;&lt;p&gt;&lt;b&gt;Note:&lt;/b&gt; Only one answer should be provided for any single member of the organization’s executive/leadership team. Please note that there is an opportunity to select a specific racial group in the next question&lt;/p&gt;&lt;/td&gt;&lt;/tr&gt;"
);
//Adding Racial Board description
$( "table[data-name|='Racial Board Categories']").find("tbody").
prepend("&lt;tr style='margin-left:25px'&gt;&lt;td class='dynamicmargin'&gt;&lt;p&gt; In the table below please provide the following for the &lt;b&gt;organization’s board  (including&lt;/b&gt; the CEO/ED):&lt;/p&gt;&lt;ul&gt;&lt;li&gt;Number of members that identify as members of a racially underrepresented group in the U.S.&lt;/li&gt;&lt;li&gt;Number of members that &lt;b&gt;DO NOT&lt;/b&gt; identify as members of a racially underrepresented group in the U.S.&lt;/li&gt;&lt;li&gt;Number of members that preferred not to answer.&lt;/li&gt;&lt;li&gt;Number of members whose answers you were not able to collect.&lt;/li&gt;&lt;/ul&gt;&lt;p&gt;&lt;b&gt;Note:&lt;/b&gt; Only one answer should be provided for any single member of the organization’s executive/leadership team. Please note that there is an opportunity to select a specific racial group in the next question&lt;/p&gt;&lt;/td&gt;&lt;/tr&gt;"
);
//Adding Racial Staff description
$( "table[data-name|='Racial Staff Categories']").find("tbody").
prepend("&lt;tr style='margin-left:25px'&gt;&lt;td class='dynamicmargin'&gt;&lt;p&gt; (OPTIONAL) In the table below please provide the following for the &lt;b&gt;organization’s staff   (including&lt;/b&gt; the CEO/ED):&lt;/p&gt;&lt;ul&gt;&lt;li&gt;Number of members that identify as members of a racially underrepresented group in the U.S.&lt;/li&gt;&lt;li&gt;Number of members that &lt;b&gt;DO NOT&lt;/b&gt; identify as members of a racially underrepresented group in the U.S.&lt;/li&gt;&lt;li&gt;Number of members that preferred not to answer.&lt;/li&gt;&lt;li&gt;Number of members whose answers you were not able to collect.&lt;/li&gt;&lt;/ul&gt;&lt;p&gt;&lt;b&gt;Note:&lt;/b&gt; Only one answer should be provided for any single member of the organization’s executive/leadership team. Please note that there is an opportunity to select a specific racial group in the next question&lt;/p&gt;&lt;/td&gt;&lt;/tr&gt;"
);

 
//Table titles Racial executive Leadership
$( "table[data-name|='Racial executive Leadership']").find("tbody").find("tr").eq(0).after("&lt;tr &gt;&lt;td class='titleDescription'&gt;&lt;b&gt;Racial Identity Categories&lt;/b&gt;&lt;/td&gt;&lt;td class='titleinput'&gt;&lt;b&gt;Number Of Executive/Leadership Members&lt;/b&gt;&lt;/td&gt;&lt;/tr&gt;");

//Table titles Racial Board Categories
$( "table[data-name|='Racial Board Categories']").find("tbody").find("tr").eq(0).after("&lt;tr &gt;&lt;td class='titleDescription'&gt;&lt;b&gt;Racial Identity Categories&lt;/b&gt;&lt;/td&gt;&lt;td class='titleinput'&gt;&lt;b&gt;Number Of Board Members&lt;/b&gt;&lt;/td&gt;&lt;/tr&gt;");

//Table titles Racial Staff Categories
$( "table[data-name|='Racial Staff Categories']").find("tbody").find("tr").eq(0).after("&lt;tr &gt;&lt;td class='titleDescription'&gt;&lt;b&gt;Racial Identity Categories&lt;/b&gt;&lt;/td&gt;&lt;td class='titleinput'&gt;&lt;b&gt;Number Of Staff Members &lt;/b&gt;&lt;/td&gt;&lt;/tr&gt;");

//Gender Section

//Table titles Gender Leadership Categories
$( "table[data-name|='Gender Leadership Categories']").find("tbody").find("tr").eq(0).after("&lt;tr &gt;&lt;td class='titleDescription'&gt;&lt;b&gt;Gender Identity Categories&lt;/b&gt;&lt;/td&gt;&lt;td class='titleinput'&gt;&lt;b&gt;Number Of Executive/Leadership Team Members Who Identify As This Gender Identity Category&lt;/b&gt;&lt;/td&gt;&lt;/tr&gt;");

//Table titles Gender Board Categories
$( "table[data-name|='Gender Board Categories']").find("tbody").find("tr").eq(0).after("&lt;tr &gt;&lt;td class='titleDescription'&gt;&lt;b&gt;Gender Identity Categories&lt;/b&gt;&lt;/td&gt;&lt;td class='titleinput'&gt;&lt;b&gt;Number Of Board Members Who Identify As This Gender Identity Category &lt;/b&gt;&lt;/td&gt;&lt;/tr&gt;");

//Table titles Gender Staff Categories
$( "table[data-name|='Gender Staff Categories']").find("tbody").find("tr").eq(0).after("&lt;tr &gt;&lt;td class='titleDescription'&gt;&lt;b&gt;Gender Identity Categories&lt;/b&gt;&lt;/td&gt;&lt;td class='titleinput'&gt;&lt;b&gt;Number Of Staff Members Who Identify As This Gender Identity Category &lt;/b&gt;&lt;/td&gt;&lt;/tr&gt;");


//If Advanced Form Step is last then change the "NextButton" text to save
var index = $(".list-group li.active").index();
if(index==6)  {
    $("#NextButton").val("Submit Survey");
}
else if(index===0){
      $("#NextButton").val("Next");

}
else if($('div[data-name="Reason for abort survey"]').is(":visible")){
    $("#NextButton").val("Save and Exit");
}</d2p1:value>
    </KeyValuePairOfstringanyType>
    <KeyValuePairOfstringanyType>
      <d2p1:key>adx_displaydate</d2p1:key>
      <d2p1:value i:nil="true" />
    </KeyValuePairOfstringanyType>
    <KeyValuePairOfstringanyType>
      <d2p1:key>adx_displayorder</d2p1:key>
      <d2p1:value i:nil="true" />
    </KeyValuePairOfstringanyType>
    <KeyValuePairOfstringanyType>
      <d2p1:key>adx_editorialcomments</d2p1:key>
      <d2p1:value i:nil="true" />
    </KeyValuePairOfstringanyType>
    <KeyValuePairOfstringanyType>
      <d2p1:key>adx_enablerating</d2p1:key>
      <d2p1:value xmlns:d4p1="http://www.w3.org/2001/XMLSchema" i:type="d4p1:boolean">false</d2p1:value>
    </KeyValuePairOfstringanyType>
    <KeyValuePairOfstringanyType>
      <d2p1:key>adx_enabletracking</d2p1:key>
      <d2p1:value xmlns:d4p1="http://www.w3.org/2001/XMLSchema" i:type="d4p1:boolean">false</d2p1:value>
    </KeyValuePairOfstringanyType>
    <KeyValuePairOfstringanyType>
      <d2p1:key>adx_entityform</d2p1:key>
      <d2p1:value i:nil="true" />
    </KeyValuePairOfstringanyType>
    <KeyValuePairOfstringanyType>
      <d2p1:key>adx_entitylist</d2p1:key>
      <d2p1:value i:nil="true" />
    </KeyValuePairOfstringanyType>
    <KeyValuePairOfstringanyType>
      <d2p1:key>adx_excludefromsearch</d2p1:key>
      <d2p1:value xmlns:d4p1="http://www.w3.org/2001/XMLSchema" i:type="d4p1:boolean">false</d2p1:value>
    </KeyValuePairOfstringanyType>
    <KeyValuePairOfstringanyType>
      <d2p1:key>adx_expirationdate</d2p1:key>
      <d2p1:value i:nil="true" />
    </KeyValuePairOfstringanyType>
    <KeyValuePairOfstringanyType>
      <d2p1:key>adx_feedbackpolicy</d2p1:key>
      <d2p1:value i:type="OptionSetValue">
        <Value>756150000</Value>
      </d2p1:value>
    </KeyValuePairOfstringanyType>
    <KeyValuePairOfstringanyType>
      <d2p1:key>adx_hiddenfromsitemap</d2p1:key>
      <d2p1:value xmlns:d4p1="http://www.w3.org/2001/XMLSchema" i:type="d4p1:boolean">false</d2p1:value>
    </KeyValuePairOfstringanyType>
    <KeyValuePairOfstringanyType>
      <d2p1:key>adx_image</d2p1:key>
      <d2p1:value i:nil="true" />
    </KeyValuePairOfstringanyType>
    <KeyValuePairOfstringanyType>
      <d2p1:key>adx_imageurl</d2p1:key>
      <d2p1:value i:nil="true" />
    </KeyValuePairOfstringanyType>
    <KeyValuePairOfstringanyType>
      <d2p1:key>adx_isofflinecached</d2p1:key>
      <d2p1:value xmlns:d4p1="http://www.w3.org/2001/XMLSchema" i:type="d4p1:boolean">false</d2p1:value>
    </KeyValuePairOfstringanyType>
    <KeyValuePairOfstringanyType>
      <d2p1:key>adx_isroot</d2p1:key>
      <d2p1:value xmlns:d4p1="http://www.w3.org/2001/XMLSchema" i:type="d4p1:boolean">false</d2p1:value>
    </KeyValuePairOfstringanyType>
    <KeyValuePairOfstringanyType>
      <d2p1:key>adx_masterwebpageid</d2p1:key>
      <d2p1:value i:nil="true" />
    </KeyValuePairOfstringanyType>
    <KeyValuePairOfstringanyType>
      <d2p1:key>adx_meta_description</d2p1:key>
      <d2p1:value i:nil="true" />
    </KeyValuePairOfstringanyType>
    <KeyValuePairOfstringanyType>
      <d2p1:key>adx_modifiedbyipaddress</d2p1:key>
      <d2p1:value i:nil="true" />
    </KeyValuePairOfstringanyType>
    <KeyValuePairOfstringanyType>
      <d2p1:key>adx_modifiedbyusername</d2p1:key>
      <d2p1:value xmlns:d4p1="http://www.w3.org/2001/XMLSchema" i:type="d4p1:string">ss@bluemeridian.org</d2p1:value>
    </KeyValuePairOfstringanyType>
    <KeyValuePairOfstringanyType>
      <d2p1:key>adx_name</d2p1:key>
      <d2p1:value xmlns:d4p1="http://www.w3.org/2001/XMLSchema" i:type="d4p1:string">REDI Survey Details</d2p1:value>
    </KeyValuePairOfstringanyType>
    <KeyValuePairOfstringanyType>
      <d2p1:key>adx_navigation</d2p1:key>
      <d2p1:value i:nil="true" />
    </KeyValuePairOfstringanyType>
    <KeyValuePairOfstringanyType>
      <d2p1:key>adx_pagetemplateid</d2p1:key>
      <d2p1:value i:type="EntityReference">
        <Id>4b78337e-c9eb-ec11-bb3d-000d3a592bc8</Id>
        <KeyAttributes xmlns:d5p1="http://schemas.microsoft.com/xrm/7.1/Contracts" />
        <LogicalName>adx_pagetemplate</LogicalName>
        <Name>REDI Survey Detail</Name>
        <RowVersion i:nil="true" />
      </d2p1:value>
    </KeyValuePairOfstringanyType>
    <KeyValuePairOfstringanyType>
      <d2p1:key>adx_parentpageid</d2p1:key>
      <d2p1:value i:type="EntityReference">
        <Id>26911b7d-fc3b-ec11-b6e5-0022480ad251</Id>
        <KeyAttributes xmlns:d5p1="http://schemas.microsoft.com/xrm/7.1/Contracts" />
        <LogicalName>adx_webpage</LogicalName>
        <Name>Home</Name>
        <RowVersion i:nil="true" />
      </d2p1:value>
    </KeyValuePairOfstringanyType>
    <KeyValuePairOfstringanyType>
      <d2p1:key>adx_partialurl</d2p1:key>
      <d2p1:value xmlns:d4p1="http://www.w3.org/2001/XMLSchema" i:type="d4p1:string">redi-survey-edit</d2p1:value>
    </KeyValuePairOfstringanyType>
    <KeyValuePairOfstringanyType>
      <d2p1:key>adx_publishingstateid</d2p1:key>
      <d2p1:value i:type="EntityReference">
        <Id>7988a078-fc3b-ec11-b6e5-0022480add69</Id>
        <KeyAttributes xmlns:d5p1="http://schemas.microsoft.com/xrm/7.1/Contracts" />
        <LogicalName>adx_publishingstate</LogicalName>
        <Name>Published</Name>
        <RowVersion i:nil="true" />
      </d2p1:value>
    </KeyValuePairOfstringanyType>
    <KeyValuePairOfstringanyType>
      <d2p1:key>adx_releasedate</d2p1:key>
      <d2p1:value i:nil="true" />
    </KeyValuePairOfstringanyType>
    <KeyValuePairOfstringanyType>
      <d2p1:key>adx_rootwebpageid</d2p1:key>
      <d2p1:value i:type="EntityReference">
        <Id>89227254-caeb-ec11-bb3d-000d3a592bc8</Id>
        <KeyAttributes xmlns:d5p1="http://schemas.microsoft.com/xrm/7.1/Contracts" />
        <LogicalName>adx_webpage</LogicalName>
        <Name>REDI Survey Details</Name>
        <RowVersion i:nil="true" />
      </d2p1:value>
    </KeyValuePairOfstringanyType>
    <KeyValuePairOfstringanyType>
      <d2p1:key>adx_sharedpageconfiguration</d2p1:key>
      <d2p1:value xmlns:d4p1="http://www.w3.org/2001/XMLSchema" i:type="d4p1:boolean">true</d2p1:value>
    </KeyValuePairOfstringanyType>
    <KeyValuePairOfstringanyType>
      <d2p1:key>adx_subjectid</d2p1:key>
      <d2p1:value i:nil="true" />
    </KeyValuePairOfstringanyType>
    <KeyValuePairOfstringanyType>
      <d2p1:key>adx_summary</d2p1:key>
      <d2p1:value i:nil="true" />
    </KeyValuePairOfstringanyType>
    <KeyValuePairOfstringanyType>
      <d2p1:key>adx_title</d2p1:key>
      <d2p1:value i:nil="true" />
    </KeyValuePairOfstringanyType>
    <KeyValuePairOfstringanyType>
      <d2p1:key>adx_webform</d2p1:key>
      <d2p1:value i:type="EntityReference">
        <Id>753bd1c8-c3f2-ec11-bb3d-000d3a3af24f</Id>
        <KeyAttributes xmlns:d5p1="http://schemas.microsoft.com/xrm/7.1/Contracts" />
        <LogicalName>adx_webform</LogicalName>
        <Name>REDI Survey Detail</Name>
        <RowVersion i:nil="true" />
      </d2p1:value>
    </KeyValuePairOfstringanyType>
    <KeyValuePairOfstringanyType>
      <d2p1:key>adx_webpageid</d2p1:key>
      <d2p1:value xmlns:d4p1="http://schemas.microsoft.com/2003/10/Serialization/" i:type="d4p1:guid">8f227254-caeb-ec11-bb3d-000d3a592bc8</d2p1:value>
    </KeyValuePairOfstringanyType>
    <KeyValuePairOfstringanyType>
      <d2p1:key>adx_webpagelanguageid</d2p1:key>
      <d2p1:value i:type="EntityReference">
        <Id>7efe1a83-fc3b-ec11-b6e5-0022480ad251</Id>
        <KeyAttributes xmlns:d5p1="http://schemas.microsoft.com/xrm/7.1/Contracts" />
        <LogicalName>adx_websitelanguage</LogicalName>
        <Name>English</Name>
        <RowVersion i:nil="true" />
      </d2p1:value>
    </KeyValuePairOfstringanyType>
    <KeyValuePairOfstringanyType>
      <d2p1:key>adx_websiteid</d2p1:key>
      <d2p1:value i:type="EntityReference">
        <Id>98e7987e-fc3b-ec11-b6e5-0022480add69</Id>
        <KeyAttributes xmlns:d5p1="http://schemas.microsoft.com/xrm/7.1/Contracts" />
        <LogicalName>adx_website</LogicalName>
        <Name>Test Investee Portal - TestInvesteePortal</Name>
        <RowVersion i:nil="true" />
      </d2p1:value>
    </KeyValuePairOfstringanyType>
    <KeyValuePairOfstringanyType>
      <d2p1:key>importsequencenumber</d2p1:key>
      <d2p1:value i:nil="true" />
    </KeyValuePairOfstringanyType>
    <KeyValuePairOfstringanyType>
      <d2p1:key>overriddencreatedon</d2p1:key>
      <d2p1:value i:nil="true" />
    </KeyValuePairOfstringanyType>
    <KeyValuePairOfstringanyType>
      <d2p1:key>ownerid</d2p1:key>
      <d2p1:value i:type="EntityReference">
        <Id>f35234e5-1247-ec11-8c62-0022480b675c</Id>
        <KeyAttributes xmlns:d5p1="http://schemas.microsoft.com/xrm/7.1/Contracts" />
        <LogicalName>systemuser</LogicalName>
        <Name>Scaleable Solutions</Name>
        <RowVersion i:nil="true" />
      </d2p1:value>
    </KeyValuePairOfstringanyType>
    <KeyValuePairOfstringanyType>
      <d2p1:key>owneridtype</d2p1:key>
      <d2p1:value i:nil="true" />
    </KeyValuePairOfstringanyType>
    <KeyValuePairOfstringanyType>
      <d2p1:key>statecode</d2p1:key>
      <d2p1:value i:type="OptionSetValue">
        <Value>0</Value>
      </d2p1:value>
    </KeyValuePairOfstringanyType>
    <KeyValuePairOfstringanyType>
      <d2p1:key>statuscode</d2p1:key>
      <d2p1:value i:type="OptionSetValue">
        <Value>1</Value>
      </d2p1:value>
    </KeyValuePairOfstringanyType>
    <KeyValuePairOfstringanyType>
      <d2p1:key>timezoneruleversionnumber</d2p1:key>
      <d2p1:value i:nil="true" />
    </KeyValuePairOfstringanyType>
    <KeyValuePairOfstringanyType>
      <d2p1:key>utcconversiontimezonecode</d2p1:key>
      <d2p1:value i:nil="true" />
    </KeyValuePairOfstringanyType>
  </Attributes>
  <EntityState i:nil="true" />
  <FormattedValues xmlns:d2p1="http://schemas.datacontract.org/2004/07/System.Collections.Generic">
    <KeyValuePairOfstringstring>
      <d2p1:key>statecode</d2p1:key>
      <d2p1:value>Active</d2p1:value>
    </KeyValuePairOfstringstring>
    <KeyValuePairOfstringstring>
      <d2p1:key>adx_parentpageid</d2p1:key>
      <d2p1:value>Home</d2p1:value>
    </KeyValuePairOfstringstring>
    <KeyValuePairOfstringstring>
      <d2p1:key>statuscode</d2p1:key>
      <d2p1:value>Active</d2p1:value>
    </KeyValuePairOfstringstring>
    <KeyValuePairOfstringstring>
      <d2p1:key>adx_websiteid</d2p1:key>
      <d2p1:value>Test Investee Portal - TestInvesteePortal</d2p1:value>
    </KeyValuePairOfstringstring>
    <KeyValuePairOfstringstring>
      <d2p1:key>adx_publishingstateid</d2p1:key>
      <d2p1:value>Published</d2p1:value>
    </KeyValuePairOfstringstring>
    <KeyValuePairOfstringstring>
      <d2p1:key>adx_excludefromsearch</d2p1:key>
      <d2p1:value>No</d2p1:value>
    </KeyValuePairOfstringstring>
    <KeyValuePairOfstringstring>
      <d2p1:key>createdon</d2p1:key>
      <d2p1:value>6/14/2022 3:11 PM</d2p1:value>
    </KeyValuePairOfstringstring>
    <KeyValuePairOfstringstring>
      <d2p1:key>adx_enabletracking</d2p1:key>
      <d2p1:value>No</d2p1:value>
    </KeyValuePairOfstringstring>
    <KeyValuePairOfstringstring>
      <d2p1:key>ownerid</d2p1:key>
      <d2p1:value>Scaleable Solutions</d2p1:value>
    </KeyValuePairOfstringstring>
    <KeyValuePairOfstringstring>
      <d2p1:key>adx_isofflinecached</d2p1:key>
      <d2p1:value>No</d2p1:value>
    </KeyValuePairOfstringstring>
    <KeyValuePairOfstringstring>
      <d2p1:key>modifiedon</d2p1:key>
      <d2p1:value>6/30/2022 6:37 PM</d2p1:value>
    </KeyValuePairOfstringstring>
    <KeyValuePairOfstringstring>
      <d2p1:key>adx_pagetemplateid</d2p1:key>
      <d2p1:value>REDI Survey Detail</d2p1:value>
    </KeyValuePairOfstringstring>
    <KeyValuePairOfstringstring>
      <d2p1:key>adx_webform</d2p1:key>
      <d2p1:value>REDI Survey Detail</d2p1:value>
    </KeyValuePairOfstringstring>
    <KeyValuePairOfstringstring>
      <d2p1:key>adx_hiddenfromsitemap</d2p1:key>
      <d2p1:value>No</d2p1:value>
    </KeyValuePairOfstringstring>
    <KeyValuePairOfstringstring>
      <d2p1:key>adx_rootwebpageid</d2p1:key>
      <d2p1:value>REDI Survey Details</d2p1:value>
    </KeyValuePairOfstringstring>
    <KeyValuePairOfstringstring>
      <d2p1:key>modifiedby</d2p1:key>
      <d2p1:value>SYSTEM</d2p1:value>
    </KeyValuePairOfstringstring>
    <KeyValuePairOfstringstring>
      <d2p1:key>adx_isroot</d2p1:key>
      <d2p1:value>No</d2p1:value>
    </KeyValuePairOfstringstring>
    <KeyValuePairOfstringstring>
      <d2p1:key>createdby</d2p1:key>
      <d2p1:value>Scaleable Solutions</d2p1:value>
    </KeyValuePairOfstringstring>
    <KeyValuePairOfstringstring>
      <d2p1:key>adx_enablerating</d2p1:key>
      <d2p1:value>No</d2p1:value>
    </KeyValuePairOfstringstring>
    <KeyValuePairOfstringstring>
      <d2p1:key>owningbusinessunit</d2p1:key>
      <d2p1:value>unqc5e0611fc06b40be8d1ed7302679f</d2p1:value>
    </KeyValuePairOfstringstring>
    <KeyValuePairOfstringstring>
      <d2p1:key>adx_sharedpageconfiguration</d2p1:key>
      <d2p1:value>Yes</d2p1:value>
    </KeyValuePairOfstringstring>
    <KeyValuePairOfstringstring>
      <d2p1:key>adx_webpagelanguageid</d2p1:key>
      <d2p1:value>English</d2p1:value>
    </KeyValuePairOfstringstring>
    <KeyValuePairOfstringstring>
      <d2p1:key>adx_feedbackpolicy</d2p1:key>
      <d2p1:value>Inherit</d2p1:value>
    </KeyValuePairOfstringstring>
  </FormattedValues>
  <Id>8f227254-caeb-ec11-bb3d-000d3a592bc8</Id>
  <KeyAttributes xmlns:d2p1="http://schemas.microsoft.com/xrm/7.1/Contracts" xmlns:d2p2="http://schemas.datacontract.org/2004/07/System.Collections.Generic" />
  <LogicalName>adx_webpage</LogicalName>
  <RelatedEntities xmlns:d2p1="http://schemas.datacontract.org/2004/07/System.Collections.Generic" />
  <RowVersion>19723535</RowVersion>
</Entity>