﻿<?xml version="1.0" encoding="utf-8"?>
<Entity xmlns:i="http://www.w3.org/2001/XMLSchema-instance" xmlns="http://schemas.microsoft.com/xrm/2011/Contracts">
  <Attributes xmlns:d2p1="http://schemas.datacontract.org/2004/07/System.Collections.Generic">
    <KeyValuePairOfstringanyType>
      <d2p1:key>adx_alloworigin</d2p1:key>
      <d2p1:value i:nil="true" />
    </KeyValuePairOfstringanyType>
    <KeyValuePairOfstringanyType>
      <d2p1:key>adx_authorid</d2p1:key>
      <d2p1:value i:nil="true" />
    </KeyValuePairOfstringanyType>
    <KeyValuePairOfstringanyType>
      <d2p1:key>adx_botconsumerid</d2p1:key>
      <d2p1:value i:nil="true" />
    </KeyValuePairOfstringanyType>
    <KeyValuePairOfstringanyType>
      <d2p1:key>adx_category</d2p1:key>
      <d2p1:value i:nil="true" />
    </KeyValuePairOfstringanyType>
    <KeyValuePairOfstringanyType>
      <d2p1:key>adx_copy</d2p1:key>
      <d2p1:value xmlns:d4p1="http://www.w3.org/2001/XMLSchema" i:type="d4p1:string">{% fetchxml records %}
&lt;fetch version="1.0" output-format="xml-platform" mapping="logical" distinct="true"&gt;
&lt;entity name="account"&gt;
&lt;attribute name="name"&gt;
&lt;attribute name="accountid" alias="id"&gt;
&lt;/attribute&gt;&lt;/attribute&gt;&lt;/entity&gt;
&lt;/fetch&gt;
{% endfetchxml %}

{% if records.results.entities.size &amp;gt; 0 %}
{{records.results.entities.size}}
records found!
{% assign contact = records.results.entities | first %}
{% else %}
No records found
{% endif %}


{% for result in records.results.entities %}
	Account ID: {{ result.id }}	----		Account Name: {{ result.name }} &lt;br&gt;
{% endfor %}



&lt;div style="margin-left:25%;"&gt;
	&lt;div style="width:25%;display:inline;"&gt;
		&lt;label&gt;Investee:&lt;/label&gt;
		&lt;select id="accounts" style="width:25%"&gt;
			{% for result in records.results.entities %}
				 {{ result.name }}
			{% endfor %}
		&lt;/select&gt;
	&lt;/div&gt;
	&lt;div style="width:25%;display:inline;"&gt;
		&lt;label&gt;Calender Year:&lt;/label&gt;
		&lt;select id="fiscalYear" style="width:25%;"&gt;&lt;/select&gt;
		
	&lt;/div&gt;
&lt;br&gt;&lt;br&gt;
	&lt;div style="width:25%;display:inline;"&gt;
		&lt;label&gt;Investments:&lt;/label&gt;
		&lt;select id="Investments" style="width:25%;"&gt;&lt;/select&gt;
	&lt;/div&gt;
	&lt;div style="width:25%;display:inline;"&gt;
		&lt;label&gt;Select Period:&lt;/label&gt;
		&lt;select style="font-family:Segoe UI,Tahoma,Arial;font-size:11px;"&gt;
			&lt;option selected="selected" value="39cb548c-dc3d-4fc0-b924-8f8b99ac06d0"&gt;&amp;lt;Select&amp;nbsp;a&amp;nbsp;Value&amp;gt;&lt;/option&gt;
			&lt;option value="1"&gt;Jan-Mar&lt;/option&gt;
			&lt;option value="2"&gt;Apr-Jun&lt;/option&gt;
			&lt;option value="3"&gt;Jul-Sep&lt;/option&gt;
			&lt;option value="4"&gt;Oct-Dec&lt;/option&gt;
		&lt;/select&gt;
	&lt;/div&gt;
&lt;/div&gt;
&lt;table&gt;
	&lt;thead&gt;
		&lt;tr&gt;&lt;th&gt;Name&lt;/th&gt;
		&lt;th&gt;Project Number&lt;/th&gt;
	&lt;/tr&gt;&lt;/thead&gt;
	&lt;tbody&gt;
	&lt;/tbody&gt;
&lt;/table&gt;
&lt;input type="text" width="50" id="name"&gt;
&lt;button id="btn" onclick="createContact"&gt;Create Contact&lt;/button&gt;
&lt;script language="javascript"&gt;






(function(webapi, $){
	function safeAjax(ajaxOptions) {
		var deferredAjax = $.Deferred();
		shell.getTokenDeferred().done(function (token) {
			// add headers for AJAX
			if (!ajaxOptions.headers) {
				$.extend(ajaxOptions, {
					headers: {
						"__RequestVerificationToken": token
					}
				});
			} else {
				ajaxOptions.headers["__RequestVerificationToken"] = token;
			}
			$.ajax(ajaxOptions)
				.done(function(data, textStatus, jqXHR) {
					validateLoginSession(data, textStatus, jqXHR, deferredAjax.resolve);
				}).fail(deferredAjax.reject); //AJAX
		}).fail(function () {
			deferredAjax.rejectWith(this, arguments); /*on token failure pass the token AJAX and args*/
		});
		return deferredAjax.promise();
	}
	webapi.safeAjax = safeAjax;
})(window.webapi = window.webapi || {}, jQuery)



















	// var cons = {};
	// cons = {{contacts.results.entities | json}};
	// for(var v in  {{contacts.results.entities}})
	// {
	// 	//ent += {{contacts.results.entities[v].name}};
	// 	alert(v.name);
	// }
	//alert("{{contacts.results.entities[0].name}}");
    var response = '';
    async function httpGet(query,addListener)
    {
		var xmlHttp = new XMLHttpRequest();
        xmlHttp.open( "GET", query, true );   // false for synchronous request
        xmlHttp.send();
        //alert('...');
        response =  xmlHttp;
		var res = JSON.parse(xmlHttp.response);
		//res = res.value;
		var v = '';
		if(addListener==1){
			for(account=0;account &lt; res.value.length;account++)
			{
  				v += '&lt;option value="'+account+'" &gt;'+res.value[account].name+'&lt;/option&gt;';
			}
			$('#accounts').empty().append(v);
			$('#contacts').prop('disabled',true);
			//$('#accounts').change(res[$('#accounts').value], selectContacts);
			$('#accounts').change(
			function(){
				selectInvestments(res.value[$('#accounts').val()].accountid)
			}
			);
		}
		else if(addListener==2)
		{
			for(inv =0;inv &lt; res.value.length;inv++)
			{
  				v += '&lt;option value="'+inv+'" &gt;'+res.value[inv].t3_name+'&lt;/option&gt;';
			}
			$('#Investments').empty();
			if(res.value.length){
				$('#Investments').append(v);
				$('#Investments').prop('disabled',false);
			}
			else{
				$('#Investments').prop('disabled',true);
				$('#fiscalYear').prop('disabled',true);
			}
			$('#Investments').change(
			function(){
				selectYear(res.value[$('#Investments').val()].t3_projectid);
			}
			);
		}
		else if(addListener==3)
		{
			for(inv =0;inv &lt; res.value.length;inv++)
			{
  				v += '&lt;option value="'+inv+'" &gt;'+res.value[inv].t3_name+'&lt;/option&gt;';
			}
			$('#Investments').empty();
			if(res.value.length){
				$('#Investments').append(v);
				$('#Investments').prop('disabled',false);
			}
			else{
				$('#Investments').prop('disabled',true);
			}
			$('#Investments').change(
			function(){
				selectYear(res.value[$('#Investments').val()].t3_projectid)
			}
			);
		}
    }
	function selectInvestments(id) {
		httpGet('/_api/t3_projects?$select=t3_name,t3_projectid,t3_projectnumber,t3_accountid&amp;$filter=t3_accountid eq '+id,2);
	}
	function selectYear(id) {
		httpGet('/_api/t3_budgetyear?$select=t3_name,t3_projectid',3);
	}
	function createContact(){
		nameOfContact=$('#name').val();
		alert(nameOfContact);
		var dataObject={
		"lastname":nameOfContact

	};

	webapi.safeAjax({
		type: "POST",
		url: "/_api/contacts",
		contentType:"application/json",
		data: JSON.stringify(dataObject),
		success: function(res, status, xhr) {
			//print id of newly created entity record
			console.log("entityID: " + xhr.getResponseHeader("entityid"))
		}
	});
	}
	
	//httpGet('/_api/accounts?$select=name,accountid',1);
&lt;/script&gt;</d2p1:value>
    </KeyValuePairOfstringanyType>
    <KeyValuePairOfstringanyType>
      <d2p1:key>adx_createdbyipaddress</d2p1:key>
      <d2p1:value i:nil="true" />
    </KeyValuePairOfstringanyType>
    <KeyValuePairOfstringanyType>
      <d2p1:key>adx_createdbyusername</d2p1:key>
      <d2p1:value i:nil="true" />
    </KeyValuePairOfstringanyType>
    <KeyValuePairOfstringanyType>
      <d2p1:key>adx_customcss</d2p1:key>
      <d2p1:value i:nil="true" />
    </KeyValuePairOfstringanyType>
    <KeyValuePairOfstringanyType>
      <d2p1:key>adx_customjavascript</d2p1:key>
      <d2p1:value i:nil="true" />
    </KeyValuePairOfstringanyType>
    <KeyValuePairOfstringanyType>
      <d2p1:key>adx_displaydate</d2p1:key>
      <d2p1:value i:nil="true" />
    </KeyValuePairOfstringanyType>
    <KeyValuePairOfstringanyType>
      <d2p1:key>adx_displayorder</d2p1:key>
      <d2p1:value i:nil="true" />
    </KeyValuePairOfstringanyType>
    <KeyValuePairOfstringanyType>
      <d2p1:key>adx_editorialcomments</d2p1:key>
      <d2p1:value i:nil="true" />
    </KeyValuePairOfstringanyType>
    <KeyValuePairOfstringanyType>
      <d2p1:key>adx_enablerating</d2p1:key>
      <d2p1:value xmlns:d4p1="http://www.w3.org/2001/XMLSchema" i:type="d4p1:boolean">false</d2p1:value>
    </KeyValuePairOfstringanyType>
    <KeyValuePairOfstringanyType>
      <d2p1:key>adx_enabletracking</d2p1:key>
      <d2p1:value xmlns:d4p1="http://www.w3.org/2001/XMLSchema" i:type="d4p1:boolean">false</d2p1:value>
    </KeyValuePairOfstringanyType>
    <KeyValuePairOfstringanyType>
      <d2p1:key>adx_entityform</d2p1:key>
      <d2p1:value i:nil="true" />
    </KeyValuePairOfstringanyType>
    <KeyValuePairOfstringanyType>
      <d2p1:key>adx_entitylist</d2p1:key>
      <d2p1:value i:nil="true" />
    </KeyValuePairOfstringanyType>
    <KeyValuePairOfstringanyType>
      <d2p1:key>adx_excludefromsearch</d2p1:key>
      <d2p1:value xmlns:d4p1="http://www.w3.org/2001/XMLSchema" i:type="d4p1:boolean">false</d2p1:value>
    </KeyValuePairOfstringanyType>
    <KeyValuePairOfstringanyType>
      <d2p1:key>adx_expirationdate</d2p1:key>
      <d2p1:value i:nil="true" />
    </KeyValuePairOfstringanyType>
    <KeyValuePairOfstringanyType>
      <d2p1:key>adx_feedbackpolicy</d2p1:key>
      <d2p1:value i:type="OptionSetValue">
        <Value>756150000</Value>
      </d2p1:value>
    </KeyValuePairOfstringanyType>
    <KeyValuePairOfstringanyType>
      <d2p1:key>adx_hiddenfromsitemap</d2p1:key>
      <d2p1:value xmlns:d4p1="http://www.w3.org/2001/XMLSchema" i:type="d4p1:boolean">false</d2p1:value>
    </KeyValuePairOfstringanyType>
    <KeyValuePairOfstringanyType>
      <d2p1:key>adx_image</d2p1:key>
      <d2p1:value i:nil="true" />
    </KeyValuePairOfstringanyType>
    <KeyValuePairOfstringanyType>
      <d2p1:key>adx_imageurl</d2p1:key>
      <d2p1:value i:nil="true" />
    </KeyValuePairOfstringanyType>
    <KeyValuePairOfstringanyType>
      <d2p1:key>adx_isofflinecached</d2p1:key>
      <d2p1:value xmlns:d4p1="http://www.w3.org/2001/XMLSchema" i:type="d4p1:boolean">false</d2p1:value>
    </KeyValuePairOfstringanyType>
    <KeyValuePairOfstringanyType>
      <d2p1:key>adx_isroot</d2p1:key>
      <d2p1:value xmlns:d4p1="http://www.w3.org/2001/XMLSchema" i:type="d4p1:boolean">false</d2p1:value>
    </KeyValuePairOfstringanyType>
    <KeyValuePairOfstringanyType>
      <d2p1:key>adx_masterwebpageid</d2p1:key>
      <d2p1:value i:nil="true" />
    </KeyValuePairOfstringanyType>
    <KeyValuePairOfstringanyType>
      <d2p1:key>adx_meta_description</d2p1:key>
      <d2p1:value i:nil="true" />
    </KeyValuePairOfstringanyType>
    <KeyValuePairOfstringanyType>
      <d2p1:key>adx_modifiedbyipaddress</d2p1:key>
      <d2p1:value i:nil="true" />
    </KeyValuePairOfstringanyType>
    <KeyValuePairOfstringanyType>
      <d2p1:key>adx_modifiedbyusername</d2p1:key>
      <d2p1:value i:nil="true" />
    </KeyValuePairOfstringanyType>
    <KeyValuePairOfstringanyType>
      <d2p1:key>adx_name</d2p1:key>
      <d2p1:value xmlns:d4p1="http://www.w3.org/2001/XMLSchema" i:type="d4p1:string">SSRS Main Report</d2p1:value>
    </KeyValuePairOfstringanyType>
    <KeyValuePairOfstringanyType>
      <d2p1:key>adx_navigation</d2p1:key>
      <d2p1:value i:nil="true" />
    </KeyValuePairOfstringanyType>
    <KeyValuePairOfstringanyType>
      <d2p1:key>adx_pagetemplateid</d2p1:key>
      <d2p1:value i:type="EntityReference">
        <Id>2688a078-fc3b-ec11-b6e5-0022480add69</Id>
        <KeyAttributes xmlns:d5p1="http://schemas.microsoft.com/xrm/7.1/Contracts" />
        <LogicalName>adx_pagetemplate</LogicalName>
        <Name>Default studio template</Name>
        <RowVersion i:nil="true" />
      </d2p1:value>
    </KeyValuePairOfstringanyType>
    <KeyValuePairOfstringanyType>
      <d2p1:key>adx_parentpageid</d2p1:key>
      <d2p1:value i:type="EntityReference">
        <Id>26911b7d-fc3b-ec11-b6e5-0022480ad251</Id>
        <KeyAttributes xmlns:d5p1="http://schemas.microsoft.com/xrm/7.1/Contracts" />
        <LogicalName>adx_webpage</LogicalName>
        <Name>Home</Name>
        <RowVersion i:nil="true" />
      </d2p1:value>
    </KeyValuePairOfstringanyType>
    <KeyValuePairOfstringanyType>
      <d2p1:key>adx_partialurl</d2p1:key>
      <d2p1:value xmlns:d4p1="http://www.w3.org/2001/XMLSchema" i:type="d4p1:string">ssrs_main_report</d2p1:value>
    </KeyValuePairOfstringanyType>
    <KeyValuePairOfstringanyType>
      <d2p1:key>adx_publishingstateid</d2p1:key>
      <d2p1:value i:type="EntityReference">
        <Id>7988a078-fc3b-ec11-b6e5-0022480add69</Id>
        <KeyAttributes xmlns:d5p1="http://schemas.microsoft.com/xrm/7.1/Contracts" />
        <LogicalName>adx_publishingstate</LogicalName>
        <Name>Published</Name>
        <RowVersion i:nil="true" />
      </d2p1:value>
    </KeyValuePairOfstringanyType>
    <KeyValuePairOfstringanyType>
      <d2p1:key>adx_releasedate</d2p1:key>
      <d2p1:value i:nil="true" />
    </KeyValuePairOfstringanyType>
    <KeyValuePairOfstringanyType>
      <d2p1:key>adx_rootwebpageid</d2p1:key>
      <d2p1:value i:type="EntityReference">
        <Id>82206bd9-9485-ec11-8d21-0022480a1168</Id>
        <KeyAttributes xmlns:d5p1="http://schemas.microsoft.com/xrm/7.1/Contracts" />
        <LogicalName>adx_webpage</LogicalName>
        <Name>SSRS Main Report</Name>
        <RowVersion i:nil="true" />
      </d2p1:value>
    </KeyValuePairOfstringanyType>
    <KeyValuePairOfstringanyType>
      <d2p1:key>adx_sharedpageconfiguration</d2p1:key>
      <d2p1:value xmlns:d4p1="http://www.w3.org/2001/XMLSchema" i:type="d4p1:boolean">true</d2p1:value>
    </KeyValuePairOfstringanyType>
    <KeyValuePairOfstringanyType>
      <d2p1:key>adx_subjectid</d2p1:key>
      <d2p1:value i:nil="true" />
    </KeyValuePairOfstringanyType>
    <KeyValuePairOfstringanyType>
      <d2p1:key>adx_summary</d2p1:key>
      <d2p1:value i:nil="true" />
    </KeyValuePairOfstringanyType>
    <KeyValuePairOfstringanyType>
      <d2p1:key>adx_title</d2p1:key>
      <d2p1:value i:nil="true" />
    </KeyValuePairOfstringanyType>
    <KeyValuePairOfstringanyType>
      <d2p1:key>adx_webform</d2p1:key>
      <d2p1:value i:nil="true" />
    </KeyValuePairOfstringanyType>
    <KeyValuePairOfstringanyType>
      <d2p1:key>adx_webpageid</d2p1:key>
      <d2p1:value xmlns:d4p1="http://schemas.microsoft.com/2003/10/Serialization/" i:type="d4p1:guid">a1206bd9-9485-ec11-8d21-0022480a1168</d2p1:value>
    </KeyValuePairOfstringanyType>
    <KeyValuePairOfstringanyType>
      <d2p1:key>adx_webpagelanguageid</d2p1:key>
      <d2p1:value i:type="EntityReference">
        <Id>7efe1a83-fc3b-ec11-b6e5-0022480ad251</Id>
        <KeyAttributes xmlns:d5p1="http://schemas.microsoft.com/xrm/7.1/Contracts" />
        <LogicalName>adx_websitelanguage</LogicalName>
        <Name>English</Name>
        <RowVersion i:nil="true" />
      </d2p1:value>
    </KeyValuePairOfstringanyType>
    <KeyValuePairOfstringanyType>
      <d2p1:key>adx_websiteid</d2p1:key>
      <d2p1:value i:type="EntityReference">
        <Id>98e7987e-fc3b-ec11-b6e5-0022480add69</Id>
        <KeyAttributes xmlns:d5p1="http://schemas.microsoft.com/xrm/7.1/Contracts" />
        <LogicalName>adx_website</LogicalName>
        <Name>Test Investee Portal - TestInvesteePortal</Name>
        <RowVersion i:nil="true" />
      </d2p1:value>
    </KeyValuePairOfstringanyType>
    <KeyValuePairOfstringanyType>
      <d2p1:key>importsequencenumber</d2p1:key>
      <d2p1:value i:nil="true" />
    </KeyValuePairOfstringanyType>
    <KeyValuePairOfstringanyType>
      <d2p1:key>overriddencreatedon</d2p1:key>
      <d2p1:value i:nil="true" />
    </KeyValuePairOfstringanyType>
    <KeyValuePairOfstringanyType>
      <d2p1:key>ownerid</d2p1:key>
      <d2p1:value i:type="EntityReference">
        <Id>f35234e5-1247-ec11-8c62-0022480b675c</Id>
        <KeyAttributes xmlns:d5p1="http://schemas.microsoft.com/xrm/7.1/Contracts" />
        <LogicalName>systemuser</LogicalName>
        <Name>Scaleable Solutions</Name>
        <RowVersion i:nil="true" />
      </d2p1:value>
    </KeyValuePairOfstringanyType>
    <KeyValuePairOfstringanyType>
      <d2p1:key>owneridtype</d2p1:key>
      <d2p1:value i:nil="true" />
    </KeyValuePairOfstringanyType>
    <KeyValuePairOfstringanyType>
      <d2p1:key>statecode</d2p1:key>
      <d2p1:value i:type="OptionSetValue">
        <Value>0</Value>
      </d2p1:value>
    </KeyValuePairOfstringanyType>
    <KeyValuePairOfstringanyType>
      <d2p1:key>statuscode</d2p1:key>
      <d2p1:value i:type="OptionSetValue">
        <Value>1</Value>
      </d2p1:value>
    </KeyValuePairOfstringanyType>
    <KeyValuePairOfstringanyType>
      <d2p1:key>timezoneruleversionnumber</d2p1:key>
      <d2p1:value i:nil="true" />
    </KeyValuePairOfstringanyType>
    <KeyValuePairOfstringanyType>
      <d2p1:key>utcconversiontimezonecode</d2p1:key>
      <d2p1:value i:nil="true" />
    </KeyValuePairOfstringanyType>
  </Attributes>
  <EntityState i:nil="true" />
  <FormattedValues xmlns:d2p1="http://schemas.datacontract.org/2004/07/System.Collections.Generic">
    <KeyValuePairOfstringstring>
      <d2p1:key>statecode</d2p1:key>
      <d2p1:value>Active</d2p1:value>
    </KeyValuePairOfstringstring>
    <KeyValuePairOfstringstring>
      <d2p1:key>adx_parentpageid</d2p1:key>
      <d2p1:value>Home</d2p1:value>
    </KeyValuePairOfstringstring>
    <KeyValuePairOfstringstring>
      <d2p1:key>statuscode</d2p1:key>
      <d2p1:value>Active</d2p1:value>
    </KeyValuePairOfstringstring>
    <KeyValuePairOfstringstring>
      <d2p1:key>adx_websiteid</d2p1:key>
      <d2p1:value>Test Investee Portal - TestInvesteePortal</d2p1:value>
    </KeyValuePairOfstringstring>
    <KeyValuePairOfstringstring>
      <d2p1:key>adx_publishingstateid</d2p1:key>
      <d2p1:value>Published</d2p1:value>
    </KeyValuePairOfstringstring>
    <KeyValuePairOfstringstring>
      <d2p1:key>adx_excludefromsearch</d2p1:key>
      <d2p1:value>No</d2p1:value>
    </KeyValuePairOfstringstring>
    <KeyValuePairOfstringstring>
      <d2p1:key>createdon</d2p1:key>
      <d2p1:value>2/4/2022 1:31 PM</d2p1:value>
    </KeyValuePairOfstringstring>
    <KeyValuePairOfstringstring>
      <d2p1:key>adx_enabletracking</d2p1:key>
      <d2p1:value>No</d2p1:value>
    </KeyValuePairOfstringstring>
    <KeyValuePairOfstringstring>
      <d2p1:key>ownerid</d2p1:key>
      <d2p1:value>Scaleable Solutions</d2p1:value>
    </KeyValuePairOfstringstring>
    <KeyValuePairOfstringstring>
      <d2p1:key>adx_isofflinecached</d2p1:key>
      <d2p1:value>No</d2p1:value>
    </KeyValuePairOfstringstring>
    <KeyValuePairOfstringstring>
      <d2p1:key>modifiedon</d2p1:key>
      <d2p1:value>2/10/2022 5:27 PM</d2p1:value>
    </KeyValuePairOfstringstring>
    <KeyValuePairOfstringstring>
      <d2p1:key>adx_pagetemplateid</d2p1:key>
      <d2p1:value>Default studio template</d2p1:value>
    </KeyValuePairOfstringstring>
    <KeyValuePairOfstringstring>
      <d2p1:key>adx_hiddenfromsitemap</d2p1:key>
      <d2p1:value>No</d2p1:value>
    </KeyValuePairOfstringstring>
    <KeyValuePairOfstringstring>
      <d2p1:key>adx_rootwebpageid</d2p1:key>
      <d2p1:value>SSRS Main Report</d2p1:value>
    </KeyValuePairOfstringstring>
    <KeyValuePairOfstringstring>
      <d2p1:key>modifiedby</d2p1:key>
      <d2p1:value>Scaleable Solutions</d2p1:value>
    </KeyValuePairOfstringstring>
    <KeyValuePairOfstringstring>
      <d2p1:key>adx_isroot</d2p1:key>
      <d2p1:value>No</d2p1:value>
    </KeyValuePairOfstringstring>
    <KeyValuePairOfstringstring>
      <d2p1:key>createdby</d2p1:key>
      <d2p1:value>Scaleable Solutions</d2p1:value>
    </KeyValuePairOfstringstring>
    <KeyValuePairOfstringstring>
      <d2p1:key>adx_enablerating</d2p1:key>
      <d2p1:value>No</d2p1:value>
    </KeyValuePairOfstringstring>
    <KeyValuePairOfstringstring>
      <d2p1:key>owningbusinessunit</d2p1:key>
      <d2p1:value>unqc5e0611fc06b40be8d1ed7302679f</d2p1:value>
    </KeyValuePairOfstringstring>
    <KeyValuePairOfstringstring>
      <d2p1:key>adx_sharedpageconfiguration</d2p1:key>
      <d2p1:value>Yes</d2p1:value>
    </KeyValuePairOfstringstring>
    <KeyValuePairOfstringstring>
      <d2p1:key>adx_webpagelanguageid</d2p1:key>
      <d2p1:value>English</d2p1:value>
    </KeyValuePairOfstringstring>
    <KeyValuePairOfstringstring>
      <d2p1:key>adx_feedbackpolicy</d2p1:key>
      <d2p1:value>Inherit</d2p1:value>
    </KeyValuePairOfstringstring>
  </FormattedValues>
  <Id>a1206bd9-9485-ec11-8d21-0022480a1168</Id>
  <KeyAttributes xmlns:d2p1="http://schemas.microsoft.com/xrm/7.1/Contracts" xmlns:d2p2="http://schemas.datacontract.org/2004/07/System.Collections.Generic" />
  <LogicalName>adx_webpage</LogicalName>
  <RelatedEntities xmlns:d2p1="http://schemas.datacontract.org/2004/07/System.Collections.Generic" />
  <RowVersion>10700176</RowVersion>
</Entity>