<ImportExportXml version="9.2.22104.224" SolutionPackageVersion="9.2" languagecode="1033" generatedBy="CrmLive" xmlns:xsi="http://www.w3.org/2001/XMLSchema-instance">
  <SolutionManifest>
    <UniqueName>GoLiveFixes</UniqueName>
    <LocalizedNames>
      <LocalizedName description="Go-Live Fixes" languagecode="1033" />
    </LocalizedNames>
    <Descriptions />
    <Version>1.0.0.2</Version>
    <Managed>1</Managed>
    <Publisher>
      <UniqueName>Boyer_and_Assoc</UniqueName>
      <LocalizedNames>
        <LocalizedName description="Boyer and Assoc" languagecode="1033" />
      </LocalizedNames>
      <Descriptions />
      <EMailAddress xsi:nil="true"></EMailAddress>
      <SupportingWebsiteUrl xsi:nil="true"></SupportingWebsiteUrl>
      <CustomizationPrefix>bna</CustomizationPrefix>
      <CustomizationOptionValuePrefix>75909</CustomizationOptionValuePrefix>
      <Addresses>
        <Address>
          <AddressNumber>1</AddressNumber>
          <AddressTypeCode>1</AddressTypeCode>
          <City xsi:nil="true"></City>
          <County xsi:nil="true"></County>
          <Country xsi:nil="true"></Country>
          <Fax xsi:nil="true"></Fax>
          <FreightTermsCode xsi:nil="true"></FreightTermsCode>
          <ImportSequenceNumber xsi:nil="true"></ImportSequenceNumber>
          <Latitude xsi:nil="true"></Latitude>
          <Line1 xsi:nil="true"></Line1>
          <Line2 xsi:nil="true"></Line2>
          <Line3 xsi:nil="true"></Line3>
          <Longitude xsi:nil="true"></Longitude>
          <Name xsi:nil="true"></Name>
          <PostalCode xsi:nil="true"></PostalCode>
          <PostOfficeBox xsi:nil="true"></PostOfficeBox>
          <PrimaryContactName xsi:nil="true"></PrimaryContactName>
          <ShippingMethodCode>1</ShippingMethodCode>
          <StateOrProvince xsi:nil="true"></StateOrProvince>
          <Telephone1 xsi:nil="true"></Telephone1>
          <Telephone2 xsi:nil="true"></Telephone2>
          <Telephone3 xsi:nil="true"></Telephone3>
          <TimeZoneRuleVersionNumber xsi:nil="true"></TimeZoneRuleVersionNumber>
          <UPSZone xsi:nil="true"></UPSZone>
          <UTCOffset xsi:nil="true"></UTCOffset>
          <UTCConversionTimeZoneCode xsi:nil="true"></UTCConversionTimeZoneCode>
        </Address>
        <Address>
          <AddressNumber>2</AddressNumber>
          <AddressTypeCode>1</AddressTypeCode>
          <City xsi:nil="true"></City>
          <County xsi:nil="true"></County>
          <Country xsi:nil="true"></Country>
          <Fax xsi:nil="true"></Fax>
          <FreightTermsCode xsi:nil="true"></FreightTermsCode>
          <ImportSequenceNumber xsi:nil="true"></ImportSequenceNumber>
          <Latitude xsi:nil="true"></Latitude>
          <Line1 xsi:nil="true"></Line1>
          <Line2 xsi:nil="true"></Line2>
          <Line3 xsi:nil="true"></Line3>
          <Longitude xsi:nil="true"></Longitude>
          <Name xsi:nil="true"></Name>
          <PostalCode xsi:nil="true"></PostalCode>
          <PostOfficeBox xsi:nil="true"></PostOfficeBox>
          <PrimaryContactName xsi:nil="true"></PrimaryContactName>
          <ShippingMethodCode>1</ShippingMethodCode>
          <StateOrProvince xsi:nil="true"></StateOrProvince>
          <Telephone1 xsi:nil="true"></Telephone1>
          <Telephone2 xsi:nil="true"></Telephone2>
          <Telephone3 xsi:nil="true"></Telephone3>
          <TimeZoneRuleVersionNumber xsi:nil="true"></TimeZoneRuleVersionNumber>
          <UPSZone xsi:nil="true"></UPSZone>
          <UTCOffset xsi:nil="true"></UTCOffset>
          <UTCConversionTimeZoneCode xsi:nil="true"></UTCConversionTimeZoneCode>
        </Address>
      </Addresses>
    </Publisher>
    <RootComponents>
      <RootComponent type="1" schemaName="bna_accident" behavior="1" />
      <RootComponent type="1" schemaName="bna_driver" behavior="0" />
      <RootComponent type="1" schemaName="bna_licensing" behavior="0" />
      <RootComponent type="1" schemaName="bna_vehicle" behavior="0" />
      <RootComponent type="9" schemaName="bna_directionoftravel" behavior="0" />
      <RootComponent type="9" schemaName="bna_preaccidentactionsmaneuvers" behavior="0" />
      <RootComponent type="29" id="{d29708fb-58a5-ec11-983f-0022480b0c9e}" behavior="0" />
      <RootComponent type="29" id="{d7a95328-4a50-ed11-bba1-000d3a59abce}" behavior="0" />
      <RootComponent type="29" id="{e728d86a-d6db-ec11-a7b6-0022480adc77}" behavior="0" />
    </RootComponents>
    <MissingDependencies>
      <MissingDependency>
        <Required type="1" schemaName="bna_accident" displayName="Accident" solution="Active" />
        <Dependent type="1" schemaName="bna_accident" displayName="Accident" />
      </MissingDependency>
      <MissingDependency>
        <Required type="1" schemaName="bna_accidentinjury" displayName="Accident Injury" solution="Active" />
        <Dependent type="60" displayName="Crash On Scene Portal Form" parentDisplayName="Accident" id="{62aeac8c-c0d2-ec11-a7b5-000d3a37560c}" />
      </MissingDependency>
      <MissingDependency>
        <Required type="1" schemaName="bna_accidentothervehicle" displayName="Accident Other Vehicle " solution="Active" />
        <Dependent type="60" displayName="Crash On Scene Portal Form" parentDisplayName="Accident" id="{62aeac8c-c0d2-ec11-a7b5-000d3a37560c}" />
      </MissingDependency>
      <MissingDependency>
        <Required type="1" schemaName="bna_assignment" displayName="Assignment" solution="Active" />
        <Dependent type="1" schemaName="bna_vehicle" displayName="Vehicle " />
      </MissingDependency>
      <MissingDependency>
        <Required type="1" schemaName="bna_bedconfiguration" displayName="Bed Configuration" solution="Active" />
        <Dependent type="10" schemaName="bna_Vehicle_BedConfiguration_bna_BedConfi" displayName="bna_Vehicle_BedConfiguration_bna_BedConfi" parentSchemaName="bna_bedconfiguration" parentDisplayName="Bed Configuration" />
      </MissingDependency>
      <MissingDependency>
        <Required type="1" schemaName="bna_buyer" displayName="Buyer" solution="Active" />
        <Dependent type="10" schemaName="bna_bna_vehicle_Buyer_bna_buyer" displayName="bna_bna_vehicle_Buyer_bna_buyer" parentSchemaName="bna_buyer" parentDisplayName="Buyer" />
      </MissingDependency>
      <MissingDependency>
        <Required type="1" schemaName="bna_dealership" displayName="Dealership" solution="Active" />
        <Dependent type="10" schemaName="bna_Vehicle_Dealership_bna_Dealership" displayName="bna_Vehicle_Dealership_bna_Dealership" parentSchemaName="bna_dealership" parentDisplayName="Dealership" />
      </MissingDependency>
      <MissingDependency>
        <Required type="1" schemaName="bna_decalinstaller" displayName="Decal Installer" solution="Active" />
        <Dependent type="10" schemaName="bna_Vehicle_DecalInstaller_bna_DecalInsta" displayName="bna_Vehicle_DecalInstaller_bna_DecalInsta" parentSchemaName="bna_decalinstaller" parentDisplayName="Decal Installer" />
      </MissingDependency>
      <MissingDependency>
        <Required type="1" schemaName="bna_detailer" displayName="Detailer" solution="Active" />
        <Dependent type="10" schemaName="bna_Vehicle_Detailer_bna_Detailer" displayName="bna_Vehicle_Detailer_bna_Detailer" parentSchemaName="bna_detailer" parentDisplayName="Detailer" />
      </MissingDependency>
      <MissingDependency>
        <Required type="1" schemaName="bna_drivercomplaints" displayName="Driver Complaints" solution="Active" />
        <Dependent type="1" schemaName="bna_driver" displayName="Driver" />
      </MissingDependency>
      <MissingDependency>
        <Required type="1" schemaName="bna_intake" displayName="Intake" solution="Active" />
        <Dependent type="1" schemaName="bna_vehicle" displayName="Vehicle " />
      </MissingDependency>
      <MissingDependency>
        <Required type="1" schemaName="bna_licensetype" displayName="License Type" solution="Active" />
        <Dependent type="10" schemaName="bna_Vehicle_LicenseType_bna_LicenseType" displayName="bna_Vehicle_LicenseType_bna_LicenseType" parentSchemaName="bna_licensetype" parentDisplayName="License Type" />
      </MissingDependency>
      <MissingDependency>
        <Required type="1" schemaName="bna_location" displayName="Location" solution="Active" />
        <Dependent type="10" schemaName="bna_Vehicle_ExpectedArrivalLocation_bna_L" displayName="bna_Vehicle_ExpectedArrivalLocation_bna_L" parentSchemaName="bna_location" parentDisplayName="Location" />
      </MissingDependency>
      <MissingDependency>
        <Required type="1" schemaName="bna_maintenancehistory" displayName="Maintenance History" solution="Active" />
        <Dependent type="1" schemaName="bna_vehicle" displayName="Vehicle " />
      </MissingDependency>
      <MissingDependency>
        <Required type="1" schemaName="bna_maintenancehistory" displayName="Maintenance History" solution="Active" />
        <Dependent type="60" displayName="Information" parentDisplayName="Vehicle " id="{68fb719e-c0a6-4743-84dd-c2f513929568}" />
      </MissingDependency>
      <MissingDependency>
        <Required type="1" schemaName="bna_maintenanceschedule" displayName="Maintenance Schedule" solution="Active" />
        <Dependent type="1" schemaName="bna_vehicle" displayName="Vehicle " />
      </MissingDependency>
      <MissingDependency>
        <Required type="1" schemaName="bna_maintenanceschedule" displayName="Maintenance Schedule" solution="Active" />
        <Dependent type="60" displayName="Information" parentDisplayName="Vehicle " id="{68fb719e-c0a6-4743-84dd-c2f513929568}" />
      </MissingDependency>
      <MissingDependency>
        <Required type="1" schemaName="bna_sprayerconfiguration" displayName="Sprayer Configuration" solution="Active" />
        <Dependent type="10" schemaName="bna_Vehicle_SprayerConfiguration_bna_Spra" displayName="bna_Vehicle_SprayerConfiguration_bna_Spra" parentSchemaName="bna_sprayerconfiguration" parentDisplayName="Sprayer Configuration" />
      </MissingDependency>
      <MissingDependency>
        <Required type="1" schemaName="bna_state" displayName="State" solution="Active" />
        <Dependent type="10" schemaName="bna_Driver_DriverState_bna_State" displayName="bna_Driver_DriverState_bna_State" parentSchemaName="bna_state" parentDisplayName="State" />
      </MissingDependency>
      <MissingDependency>
        <Required type="1" schemaName="bna_state" displayName="State" solution="Active" />
        <Dependent type="10" schemaName="bna_Vehicle_PropertyTaxState_bna_State" displayName="bna_Vehicle_PropertyTaxState_bna_State" parentSchemaName="bna_state" parentDisplayName="State" />
      </MissingDependency>
      <MissingDependency>
        <Required type="1" schemaName="bna_transportcompany" displayName="Transport Company" solution="Active" />
        <Dependent type="10" schemaName="bna_Vehicle_TransportCompany_bna_Transpor" displayName="bna_Vehicle_TransportCompany_bna_Transpor" parentSchemaName="bna_transportcompany" parentDisplayName="Transport Company" />
      </MissingDependency>
      <MissingDependency>
        <Required type="1" schemaName="bna_upfittinginstaller" displayName="Upfitting Installer" solution="Active" />
        <Dependent type="10" schemaName="bna_Vehicle_UpfittingInstaller_bna_Upfitt" displayName="bna_Vehicle_UpfittingInstaller_bna_Upfitt" parentSchemaName="bna_upfittinginstaller" parentDisplayName="Upfitting Installer" />
      </MissingDependency>
      <MissingDependency>
        <Required type="1" schemaName="bna_vehiclehistory" displayName="Vehicle History" solution="Active" />
        <Dependent type="1" schemaName="bna_vehicle" displayName="Vehicle " />
      </MissingDependency>
      <MissingDependency>
        <Required type="1" schemaName="bna_vehiclehistory" displayName="Vehicle History" solution="Active" />
        <Dependent type="60" displayName="Information" parentDisplayName="Vehicle " id="{68fb719e-c0a6-4743-84dd-c2f513929568}" />
      </MissingDependency>
      <MissingDependency>
        <Required type="1" schemaName="bna_vehiclemake" displayName="Vehicle Make" solution="Active" />
        <Dependent type="10" schemaName="bna_Vehicle_VehicleMake_bna_VehicleMake" displayName="bna_Vehicle_VehicleMake_bna_VehicleMake" parentSchemaName="bna_vehiclemake" parentDisplayName="Vehicle Make" />
      </MissingDependency>
      <MissingDependency>
        <Required type="1" schemaName="bna_vehiclemake" displayName="Vehicle Make" solution="Active" />
        <Dependent type="60" displayName="Information" parentDisplayName="Vehicle " id="{68fb719e-c0a6-4743-84dd-c2f513929568}" />
      </MissingDependency>
      <MissingDependency>
        <Required type="1" schemaName="bna_vehiclemodel" displayName="Vehicle Model" solution="Active" />
        <Dependent type="10" schemaName="bna_Vehicle_VehicleModel_bna_VehicleModel" displayName="bna_Vehicle_VehicleModel_bna_VehicleModel" parentSchemaName="bna_vehiclemodel" parentDisplayName="Vehicle Model" />
      </MissingDependency>
      <MissingDependency>
        <Required type="1" schemaName="bna_witness" displayName="Witness" solution="Active" />
        <Dependent type="60" displayName="Crash On Scene Portal Form" parentDisplayName="Accident" id="{62aeac8c-c0d2-ec11-a7b5-000d3a37560c}" />
      </MissingDependency>
      <MissingDependency>
        <Required type="1" schemaName="new_selling" displayName="Selling" solution="Active" />
        <Dependent type="1" schemaName="bna_vehicle" displayName="Vehicle " />
      </MissingDependency>
      <MissingDependency>
        <Required type="10" schemaName="bna_AccidentInjury_Accident_bna_Accident" displayName="bna_AccidentInjury_Accident_bna_Accident" parentSchemaName="bna_accident" parentDisplayName="Accident" solution="Active" />
        <Dependent type="60" displayName="Crash On Scene Portal Form" parentDisplayName="Accident" id="{62aeac8c-c0d2-ec11-a7b5-000d3a37560c}" />
      </MissingDependency>
      <MissingDependency>
        <Required type="10" schemaName="bna_AccidentOtherVehicle_Accident_bna_Acc" displayName="bna_AccidentOtherVehicle_Accident_bna_Acc" parentSchemaName="bna_accident" parentDisplayName="Accident" solution="Active" />
        <Dependent type="60" displayName="Crash On Scene Portal Form" parentDisplayName="Accident" id="{62aeac8c-c0d2-ec11-a7b5-000d3a37560c}" />
      </MissingDependency>
      <MissingDependency>
        <Required type="10" schemaName="bna_bna_witness_bna_Accident_bna_accident" displayName="bna_bna_witness_bna_Accident_bna_accident" parentSchemaName="bna_accident" parentDisplayName="Accident" solution="Active" />
        <Dependent type="60" displayName="Crash On Scene Portal Form" parentDisplayName="Accident" id="{62aeac8c-c0d2-ec11-a7b5-000d3a37560c}" />
      </MissingDependency>
      <MissingDependency>
        <Required type="10" schemaName="bna_bna_vehicle_bna_accident_Vehicle" displayName="bna_bna_vehicle_bna_accident_Vehicle" parentSchemaName="bna_vehicle" parentDisplayName="Vehicle " solution="Active" />
        <Dependent type="60" displayName="Crash On Scene Portal Form" parentDisplayName="Accident" id="{62aeac8c-c0d2-ec11-a7b5-000d3a37560c}" />
      </MissingDependency>
      <MissingDependency>
        <Required type="10" schemaName="bna_bna_vehicle_bna_accident_Vehicle" displayName="bna_bna_vehicle_bna_accident_Vehicle" parentSchemaName="bna_vehicle" parentDisplayName="Vehicle " solution="Active" />
        <Dependent type="60" displayName="Information" parentDisplayName="Vehicle " id="{68fb719e-c0a6-4743-84dd-c2f513929568}" />
      </MissingDependency>
      <MissingDependency>
        <Required type="10" schemaName="bna_bna_vehiclehistory_Vehicle_bna_vehicle" displayName="bna_bna_vehiclehistory_Vehicle_bna_vehicle" parentSchemaName="bna_vehicle" parentDisplayName="Vehicle " solution="Active" />
        <Dependent type="60" displayName="Information" parentDisplayName="Vehicle " id="{68fb719e-c0a6-4743-84dd-c2f513929568}" />
      </MissingDependency>
      <MissingDependency>
        <Required type="10" schemaName="bna_MaintenanceHistory_Vehicle_bna_Vehicl" displayName="bna_MaintenanceHistory_Vehicle_bna_Vehicl" parentSchemaName="bna_vehicle" parentDisplayName="Vehicle " solution="Active" />
        <Dependent type="60" displayName="Information" parentDisplayName="Vehicle " id="{68fb719e-c0a6-4743-84dd-c2f513929568}" />
      </MissingDependency>
      <MissingDependency>
        <Required type="10" schemaName="bna_VehicleModel_VehicleMake_bna_VehicleM" displayName="bna_VehicleModel_VehicleMake_bna_VehicleM" parentSchemaName="bna_vehiclemake" parentDisplayName="Vehicle Make" solution="Active" />
        <Dependent type="60" displayName="Information" parentDisplayName="Vehicle " id="{68fb719e-c0a6-4743-84dd-c2f513929568}" />
      </MissingDependency>
      <MissingDependency>
        <Required type="2" schemaName="bna_accidentid" displayName="Accident" parentSchemaName="bna_accident" parentDisplayName="Accident" solution="Active" />
        <Dependent type="29" displayName="Note URL Contains Data | Show | Hide" id="{d7a95328-4a50-ed11-bba1-000d3a59abce}" />
      </MissingDependency>
      <MissingDependency>
        <Required type="2" schemaName="bna_anothervehicleinvolvedinaccident" displayName="Another Vehicle Involved in Accident" parentSchemaName="bna_accident" parentDisplayName="Accident" solution="Active" />
        <Dependent type="60" displayName="Crash On Scene Portal Form" parentDisplayName="Accident" id="{62aeac8c-c0d2-ec11-a7b5-000d3a37560c}" />
      </MissingDependency>
      <MissingDependency>
        <Required type="2" schemaName="bna_anyinjuriesbecauseofaccident" displayName="Any injuries because of Accident?" parentSchemaName="bna_accident" parentDisplayName="Accident" solution="Active" />
        <Dependent type="60" displayName="Crash On Scene Portal Form" parentDisplayName="Accident" id="{62aeac8c-c0d2-ec11-a7b5-000d3a37560c}" />
      </MissingDependency>
      <MissingDependency>
        <Required type="2" schemaName="bna_causeofaccident" displayName="Cause of Accident" parentSchemaName="bna_accident" parentDisplayName="Accident" solution="Active" />
        <Dependent type="60" displayName="Crash On Scene Portal Form" parentDisplayName="Accident" id="{62aeac8c-c0d2-ec11-a7b5-000d3a37560c}" />
      </MissingDependency>
      <MissingDependency>
        <Required type="2" schemaName="bna_dateofaccident" displayName="Date of Accident" parentSchemaName="bna_accident" parentDisplayName="Accident" solution="Active" />
        <Dependent type="60" displayName="Crash On Scene Portal Form" parentDisplayName="Accident" id="{62aeac8c-c0d2-ec11-a7b5-000d3a37560c}" />
      </MissingDependency>
      <MissingDependency>
        <Required type="2" schemaName="bna_insurancenotes" displayName="Insurance Notes" parentSchemaName="bna_accident" parentDisplayName="Accident" solution="Active" />
        <Dependent type="60" displayName="Crash On Scene Portal Form" parentDisplayName="Accident" id="{62aeac8c-c0d2-ec11-a7b5-000d3a37560c}" />
      </MissingDependency>
      <MissingDependency>
        <Required type="2" schemaName="bna_locationoftheaccident" displayName="Location of the Accident" parentSchemaName="bna_accident" parentDisplayName="Accident" solution="Active" />
        <Dependent type="60" displayName="Crash On Scene Portal Form" parentDisplayName="Accident" id="{62aeac8c-c0d2-ec11-a7b5-000d3a37560c}" />
      </MissingDependency>
      <MissingDependency>
        <Required type="2" schemaName="bna_name" displayName="Name" parentSchemaName="bna_accident" parentDisplayName="Accident" solution="Active" />
        <Dependent type="29" displayName="Note URL Contains Data | Show | Hide" id="{d7a95328-4a50-ed11-bba1-000d3a59abce}" />
      </MissingDependency>
      <MissingDependency>
        <Required type="2" schemaName="bna_name" displayName="Name" parentSchemaName="bna_accident" parentDisplayName="Accident" solution="Active" />
        <Dependent type="60" displayName="Crash On Scene Portal Form" parentDisplayName="Accident" id="{62aeac8c-c0d2-ec11-a7b5-000d3a37560c}" />
      </MissingDependency>
      <MissingDependency>
        <Required type="2" schemaName="bna_othervehicledirectionoftravel" displayName="Other Vehicle - Direction of Travel" parentSchemaName="bna_accident" parentDisplayName="Accident" solution="Active" />
        <Dependent type="60" displayName="Crash On Scene Portal Form" parentDisplayName="Accident" id="{62aeac8c-c0d2-ec11-a7b5-000d3a37560c}" />
      </MissingDependency>
      <MissingDependency>
        <Required type="2" schemaName="bna_othervehiclepreaccidentactionsmaneuvers" displayName="Other vehicle - Pre Accident Actions / Maneuvers" parentSchemaName="bna_accident" parentDisplayName="Accident" solution="Active" />
        <Dependent type="60" displayName="Crash On Scene Portal Form" parentDisplayName="Accident" id="{62aeac8c-c0d2-ec11-a7b5-000d3a37560c}" />
      </MissingDependency>
      <MissingDependency>
        <Required type="2" schemaName="bna_plunkettsdriver" displayName="Plunkett's Driver" parentSchemaName="bna_accident" parentDisplayName="Accident" solution="Active" />
        <Dependent type="60" displayName="Crash On Scene Portal Form" parentDisplayName="Accident" id="{62aeac8c-c0d2-ec11-a7b5-000d3a37560c}" />
      </MissingDependency>
      <MissingDependency>
        <Required type="2" schemaName="bna_plunkettsemail" displayName="Plunkett's Email" parentSchemaName="bna_accident" parentDisplayName="Accident" solution="Active" />
        <Dependent type="60" displayName="Crash On Scene Portal Form" parentDisplayName="Accident" id="{62aeac8c-c0d2-ec11-a7b5-000d3a37560c}" />
      </MissingDependency>
      <MissingDependency>
        <Required type="2" schemaName="bna_roadsurface" displayName="Road Surface" parentSchemaName="bna_accident" parentDisplayName="Accident" solution="Active" />
        <Dependent type="60" displayName="Crash On Scene Portal Form" parentDisplayName="Accident" id="{62aeac8c-c0d2-ec11-a7b5-000d3a37560c}" />
      </MissingDependency>
      <MissingDependency>
        <Required type="2" schemaName="bna_roadwork" displayName="Road Work?" parentSchemaName="bna_accident" parentDisplayName="Accident" solution="Active" />
        <Dependent type="60" displayName="Crash On Scene Portal Form" parentDisplayName="Accident" id="{62aeac8c-c0d2-ec11-a7b5-000d3a37560c}" />
      </MissingDependency>
      <MissingDependency>
        <Required type="2" schemaName="bna_vehicle" displayName="Vehicle" parentSchemaName="bna_accident" parentDisplayName="Accident" solution="Active" />
        <Dependent type="60" displayName="Crash On Scene Portal Form" parentDisplayName="Accident" id="{62aeac8c-c0d2-ec11-a7b5-000d3a37560c}" />
      </MissingDependency>
      <MissingDependency>
        <Required type="2" schemaName="bna_wasthereapoliceofficeatthescene" displayName="Was there a Police Office at the scene?" parentSchemaName="bna_accident" parentDisplayName="Accident" solution="Active" />
        <Dependent type="60" displayName="Crash On Scene Portal Form" parentDisplayName="Accident" id="{62aeac8c-c0d2-ec11-a7b5-000d3a37560c}" />
      </MissingDependency>
      <MissingDependency>
        <Required type="2" schemaName="bna_wastherewitnesses" displayName="Was there Witnesses?" parentSchemaName="bna_accident" parentDisplayName="Accident" solution="Active" />
        <Dependent type="60" displayName="Crash On Scene Portal Form" parentDisplayName="Accident" id="{62aeac8c-c0d2-ec11-a7b5-000d3a37560c}" />
      </MissingDependency>
      <MissingDependency>
        <Required type="2" schemaName="bna_whatdepartmentwasthepoliceofficerfrom" displayName="What department was the Police Officer from?" parentSchemaName="bna_accident" parentDisplayName="Accident" solution="Active" />
        <Dependent type="60" displayName="Crash On Scene Portal Form" parentDisplayName="Accident" id="{62aeac8c-c0d2-ec11-a7b5-000d3a37560c}" />
      </MissingDependency>
      <MissingDependency>
        <Required type="2" schemaName="bna_whatwasthespeedlimitattheaccidentscene" displayName="What was the speed limit at the accident scene?" parentSchemaName="bna_accident" parentDisplayName="Accident" solution="Active" />
        <Dependent type="60" displayName="Crash On Scene Portal Form" parentDisplayName="Accident" id="{62aeac8c-c0d2-ec11-a7b5-000d3a37560c}" />
      </MissingDependency>
      <MissingDependency>
        <Required type="2" schemaName="bna_yourfirstname" displayName="Your First Name" parentSchemaName="bna_accident" parentDisplayName="Accident" solution="Active" />
        <Dependent type="60" displayName="Crash On Scene Portal Form" parentDisplayName="Accident" id="{62aeac8c-c0d2-ec11-a7b5-000d3a37560c}" />
      </MissingDependency>
      <MissingDependency>
        <Required type="2" schemaName="bna_yourlastname" displayName="Your Last Name" parentSchemaName="bna_accident" parentDisplayName="Accident" solution="Active" />
        <Dependent type="60" displayName="Crash On Scene Portal Form" parentDisplayName="Accident" id="{62aeac8c-c0d2-ec11-a7b5-000d3a37560c}" />
      </MissingDependency>
      <MissingDependency>
        <Required type="2" schemaName="bna_yourvehicledirectionoftravel" displayName="Your Vehicle - Direction of Travel" parentSchemaName="bna_accident" parentDisplayName="Accident" solution="Active" />
        <Dependent type="60" displayName="Crash On Scene Portal Form" parentDisplayName="Accident" id="{62aeac8c-c0d2-ec11-a7b5-000d3a37560c}" />
      </MissingDependency>
      <MissingDependency>
        <Required type="2" schemaName="bna_yourvehiclepreaccidentactionsmaneuvers" displayName="Your vehicle - Pre Accident Actions / Maneuvers" parentSchemaName="bna_accident" parentDisplayName="Accident" solution="Active" />
        <Dependent type="60" displayName="Crash On Scene Portal Form" parentDisplayName="Accident" id="{62aeac8c-c0d2-ec11-a7b5-000d3a37560c}" />
      </MissingDependency>
      <MissingDependency>
        <Required type="2" schemaName="ownerid" displayName="Owner" parentSchemaName="bna_accident" parentDisplayName="Accident" solution="Active" />
        <Dependent type="60" displayName="Crash On Scene Portal Form" parentDisplayName="Accident" id="{62aeac8c-c0d2-ec11-a7b5-000d3a37560c}" />
      </MissingDependency>
      <MissingDependency>
        <Required type="2" schemaName="bna_bedconfigurationid" displayName="Bed Configuration" parentSchemaName="bna_bedconfiguration" parentDisplayName="Bed Configuration" solution="Active" />
        <Dependent type="10" schemaName="bna_Vehicle_BedConfiguration_bna_BedConfi" displayName="bna_Vehicle_BedConfiguration_bna_BedConfi" parentSchemaName="bna_bedconfiguration" parentDisplayName="Bed Configuration" />
      </MissingDependency>
      <MissingDependency>
        <Required type="2" schemaName="bna_toopertype" displayName="Tooper Type" parentSchemaName="bna_bedconfiguration" parentDisplayName="Bed Configuration" solution="Active" />
        <Dependent type="10" schemaName="bna_Vehicle_BedConfiguration_bna_BedConfi" displayName="bna_Vehicle_BedConfiguration_bna_BedConfi" parentSchemaName="bna_bedconfiguration" parentDisplayName="Bed Configuration" />
      </MissingDependency>
      <MissingDependency>
        <Required type="2" schemaName="bna_buyerid" displayName="Buyer" parentSchemaName="bna_buyer" parentDisplayName="Buyer" solution="Active" />
        <Dependent type="10" schemaName="bna_bna_vehicle_Buyer_bna_buyer" displayName="bna_bna_vehicle_Buyer_bna_buyer" parentSchemaName="bna_buyer" parentDisplayName="Buyer" />
      </MissingDependency>
      <MissingDependency>
        <Required type="2" schemaName="bna_name" displayName="Name" parentSchemaName="bna_buyer" parentDisplayName="Buyer" solution="Active" />
        <Dependent type="10" schemaName="bna_bna_vehicle_Buyer_bna_buyer" displayName="bna_bna_vehicle_Buyer_bna_buyer" parentSchemaName="bna_buyer" parentDisplayName="Buyer" />
      </MissingDependency>
      <MissingDependency>
        <Required type="2" schemaName="bna_dealershipid" displayName="Dealership" parentSchemaName="bna_dealership" parentDisplayName="Dealership" solution="Active" />
        <Dependent type="10" schemaName="bna_Vehicle_Dealership_bna_Dealership" displayName="bna_Vehicle_Dealership_bna_Dealership" parentSchemaName="bna_dealership" parentDisplayName="Dealership" />
      </MissingDependency>
      <MissingDependency>
        <Required type="2" schemaName="bna_name" displayName="Name" parentSchemaName="bna_dealership" parentDisplayName="Dealership" solution="Active" />
        <Dependent type="10" schemaName="bna_Vehicle_Dealership_bna_Dealership" displayName="bna_Vehicle_Dealership_bna_Dealership" parentSchemaName="bna_dealership" parentDisplayName="Dealership" />
      </MissingDependency>
      <MissingDependency>
        <Required type="2" schemaName="bna_companyname" displayName="Company Name" parentSchemaName="bna_decalinstaller" parentDisplayName="Decal Installer" solution="Active" />
        <Dependent type="10" schemaName="bna_Vehicle_DecalInstaller_bna_DecalInsta" displayName="bna_Vehicle_DecalInstaller_bna_DecalInsta" parentSchemaName="bna_decalinstaller" parentDisplayName="Decal Installer" />
      </MissingDependency>
      <MissingDependency>
        <Required type="2" schemaName="bna_decalinstallerid" displayName="Decal Installer" parentSchemaName="bna_decalinstaller" parentDisplayName="Decal Installer" solution="Active" />
        <Dependent type="10" schemaName="bna_Vehicle_DecalInstaller_bna_DecalInsta" displayName="bna_Vehicle_DecalInstaller_bna_DecalInsta" parentSchemaName="bna_decalinstaller" parentDisplayName="Decal Installer" />
      </MissingDependency>
      <MissingDependency>
        <Required type="2" schemaName="bna_detailcompanyname" displayName="Detail Company Name" parentSchemaName="bna_detailer" parentDisplayName="Detailer" solution="Active" />
        <Dependent type="10" schemaName="bna_Vehicle_Detailer_bna_Detailer" displayName="bna_Vehicle_Detailer_bna_Detailer" parentSchemaName="bna_detailer" parentDisplayName="Detailer" />
      </MissingDependency>
      <MissingDependency>
        <Required type="2" schemaName="bna_detailerid" displayName="Detailer" parentSchemaName="bna_detailer" parentDisplayName="Detailer" solution="Active" />
        <Dependent type="10" schemaName="bna_Vehicle_Detailer_bna_Detailer" displayName="bna_Vehicle_Detailer_bna_Detailer" parentSchemaName="bna_detailer" parentDisplayName="Detailer" />
      </MissingDependency>
      <MissingDependency>
        <Required type="2" schemaName="bna_licensetypeid" displayName="License Type ID" parentSchemaName="bna_licensetype" parentDisplayName="License Type" solution="Active" />
        <Dependent type="10" schemaName="bna_Vehicle_LicenseType_bna_LicenseType" displayName="bna_Vehicle_LicenseType_bna_LicenseType" parentSchemaName="bna_licensetype" parentDisplayName="License Type" />
      </MissingDependency>
      <MissingDependency>
        <Required type="2" schemaName="bna_name" displayName="Name" parentSchemaName="bna_licensetype" parentDisplayName="License Type" solution="Active" />
        <Dependent type="10" schemaName="bna_Vehicle_LicenseType_bna_LicenseType" displayName="bna_Vehicle_LicenseType_bna_LicenseType" parentSchemaName="bna_licensetype" parentDisplayName="License Type" />
      </MissingDependency>
      <MissingDependency>
        <Required type="2" schemaName="bna_locationid" displayName="Location" parentSchemaName="bna_location" parentDisplayName="Location" solution="Active" />
        <Dependent type="10" schemaName="bna_Vehicle_ExpectedArrivalLocation_bna_L" displayName="bna_Vehicle_ExpectedArrivalLocation_bna_L" parentSchemaName="bna_location" parentDisplayName="Location" />
      </MissingDependency>
      <MissingDependency>
        <Required type="2" schemaName="bna_name" displayName="Name" parentSchemaName="bna_location" parentDisplayName="Location" solution="Active" />
        <Dependent type="10" schemaName="bna_Vehicle_ExpectedArrivalLocation_bna_L" displayName="bna_Vehicle_ExpectedArrivalLocation_bna_L" parentSchemaName="bna_location" parentDisplayName="Location" />
      </MissingDependency>
      <MissingDependency>
        <Required type="2" schemaName="bna_sprayerconfigurationid" displayName="Sprayer Configuration" parentSchemaName="bna_sprayerconfiguration" parentDisplayName="Sprayer Configuration" solution="Active" />
        <Dependent type="10" schemaName="bna_Vehicle_SprayerConfiguration_bna_Spra" displayName="bna_Vehicle_SprayerConfiguration_bna_Spra" parentSchemaName="bna_sprayerconfiguration" parentDisplayName="Sprayer Configuration" />
      </MissingDependency>
      <MissingDependency>
        <Required type="2" schemaName="bna_sprayermodel" displayName="Sprayer Model" parentSchemaName="bna_sprayerconfiguration" parentDisplayName="Sprayer Configuration" solution="Active" />
        <Dependent type="10" schemaName="bna_Vehicle_SprayerConfiguration_bna_Spra" displayName="bna_Vehicle_SprayerConfiguration_bna_Spra" parentSchemaName="bna_sprayerconfiguration" parentDisplayName="Sprayer Configuration" />
      </MissingDependency>
      <MissingDependency>
        <Required type="2" schemaName="bna_stateid" displayName="State" parentSchemaName="bna_state" parentDisplayName="State" solution="Active" />
        <Dependent type="10" schemaName="bna_Driver_DriverState_bna_State" displayName="bna_Driver_DriverState_bna_State" parentSchemaName="bna_state" parentDisplayName="State" />
      </MissingDependency>
      <MissingDependency>
        <Required type="2" schemaName="bna_stateid" displayName="State" parentSchemaName="bna_state" parentDisplayName="State" solution="Active" />
        <Dependent type="10" schemaName="bna_Vehicle_PropertyTaxState_bna_State" displayName="bna_Vehicle_PropertyTaxState_bna_State" parentSchemaName="bna_state" parentDisplayName="State" />
      </MissingDependency>
      <MissingDependency>
        <Required type="2" schemaName="bna_statename" displayName="State Name" parentSchemaName="bna_state" parentDisplayName="State" solution="Active" />
        <Dependent type="10" schemaName="bna_bna_vehicle_StateSalesTaxPaid_bna_state" displayName="bna_bna_vehicle_StateSalesTaxPaid_bna_state" parentSchemaName="bna_state" parentDisplayName="State" />
      </MissingDependency>
      <MissingDependency>
        <Required type="2" schemaName="bna_statename" displayName="State Name" parentSchemaName="bna_state" parentDisplayName="State" solution="Active" />
        <Dependent type="10" schemaName="bna_Driver_DriverState_bna_State" displayName="bna_Driver_DriverState_bna_State" parentSchemaName="bna_state" parentDisplayName="State" />
      </MissingDependency>
      <MissingDependency>
        <Required type="2" schemaName="bna_statename" displayName="State Name" parentSchemaName="bna_state" parentDisplayName="State" solution="Active" />
        <Dependent type="10" schemaName="bna_Vehicle_LicenseState_bna_State" displayName="bna_Vehicle_LicenseState_bna_State" parentSchemaName="bna_state" parentDisplayName="State" />
      </MissingDependency>
      <MissingDependency>
        <Required type="2" schemaName="bna_statename" displayName="State Name" parentSchemaName="bna_state" parentDisplayName="State" solution="Active" />
        <Dependent type="10" schemaName="bna_Vehicle_PropertyTaxState_bna_State" displayName="bna_Vehicle_PropertyTaxState_bna_State" parentSchemaName="bna_state" parentDisplayName="State" />
      </MissingDependency>
      <MissingDependency>
        <Required type="2" schemaName="bna_statename" displayName="State Name" parentSchemaName="bna_state" parentDisplayName="State" solution="Active" />
        <Dependent type="10" schemaName="bna_Vehicle_RegistrationSalesTaxStatePaid" displayName="bna_Vehicle_RegistrationSalesTaxStatePaid" parentSchemaName="bna_state" parentDisplayName="State" />
      </MissingDependency>
      <MissingDependency>
        <Required type="2" schemaName="bna_name" displayName="Name" parentSchemaName="bna_transportcompany" parentDisplayName="Transport Company" solution="Active" />
        <Dependent type="10" schemaName="bna_Vehicle_TransportCompany_bna_Transpor" displayName="bna_Vehicle_TransportCompany_bna_Transpor" parentSchemaName="bna_transportcompany" parentDisplayName="Transport Company" />
      </MissingDependency>
      <MissingDependency>
        <Required type="2" schemaName="bna_transportcompanyid" displayName="Transport Company" parentSchemaName="bna_transportcompany" parentDisplayName="Transport Company" solution="Active" />
        <Dependent type="10" schemaName="bna_Vehicle_TransportCompany_bna_Transpor" displayName="bna_Vehicle_TransportCompany_bna_Transpor" parentSchemaName="bna_transportcompany" parentDisplayName="Transport Company" />
      </MissingDependency>
      <MissingDependency>
        <Required type="2" schemaName="bna_companyname" displayName="Company Name" parentSchemaName="bna_upfittinginstaller" parentDisplayName="Upfitting Installer" solution="Active" />
        <Dependent type="10" schemaName="bna_Vehicle_UpfittingInstaller_bna_Upfitt" displayName="bna_Vehicle_UpfittingInstaller_bna_Upfitt" parentSchemaName="bna_upfittinginstaller" parentDisplayName="Upfitting Installer" />
      </MissingDependency>
      <MissingDependency>
        <Required type="2" schemaName="bna_upfittinginstallerid" displayName="Upfitting Installer" parentSchemaName="bna_upfittinginstaller" parentDisplayName="Upfitting Installer" solution="Active" />
        <Dependent type="10" schemaName="bna_Vehicle_UpfittingInstaller_bna_Upfitt" displayName="bna_Vehicle_UpfittingInstaller_bna_Upfitt" parentSchemaName="bna_upfittinginstaller" parentDisplayName="Upfitting Installer" />
      </MissingDependency>
      <MissingDependency>
        <Required type="2" schemaName="bna_name" displayName="Name" parentSchemaName="bna_vehiclemake" parentDisplayName="Vehicle Make" solution="Active" />
        <Dependent type="10" schemaName="bna_Vehicle_VehicleMake_bna_VehicleMake" displayName="bna_Vehicle_VehicleMake_bna_VehicleMake" parentSchemaName="bna_vehiclemake" parentDisplayName="Vehicle Make" />
      </MissingDependency>
      <MissingDependency>
        <Required type="2" schemaName="bna_vehiclemakeid" displayName="Vehicle Make" parentSchemaName="bna_vehiclemake" parentDisplayName="Vehicle Make" solution="Active" />
        <Dependent type="10" schemaName="bna_Vehicle_VehicleMake_bna_VehicleMake" displayName="bna_Vehicle_VehicleMake_bna_VehicleMake" parentSchemaName="bna_vehiclemake" parentDisplayName="Vehicle Make" />
      </MissingDependency>
      <MissingDependency>
        <Required type="2" schemaName="bna_vehiclemodel" displayName="Vehicle Model" parentSchemaName="bna_vehiclemodel" parentDisplayName="Vehicle Model" solution="Active" />
        <Dependent type="10" schemaName="bna_Vehicle_VehicleModel_bna_VehicleModel" displayName="bna_Vehicle_VehicleModel_bna_VehicleModel" parentSchemaName="bna_vehiclemodel" parentDisplayName="Vehicle Model" />
      </MissingDependency>
      <MissingDependency>
        <Required type="2" schemaName="bna_vehiclemodelid" displayName="Vehicle Model" parentSchemaName="bna_vehiclemodel" parentDisplayName="Vehicle Model" solution="Active" />
        <Dependent type="10" schemaName="bna_Vehicle_VehicleModel_bna_VehicleModel" displayName="bna_Vehicle_VehicleModel_bna_VehicleModel" parentSchemaName="bna_vehiclemodel" parentDisplayName="Vehicle Model" />
      </MissingDependency>
      <MissingDependency>
        <Required type="20" displayName="Plunketts Base Role" solution="Active" id="{9b0d2361-33bb-ec11-983f-00224805c94e}" />
        <Dependent type="60" displayName="Crash On Scene Portal Form" parentDisplayName="Accident" id="{62aeac8c-c0d2-ec11-a7b5-000d3a37560c}" />
      </MissingDependency>
      <MissingDependency>
        <Required type="26" schemaName="Active Accident Other Vehicles" displayName="Active Accident Other Vehicles" parentSchemaName="bna_accidentothervehicle" parentDisplayName="Accident Other Vehicle " solution="Active" id="{12724ba9-0034-4a04-a362-beb0e3b4d920}" />
        <Dependent type="60" displayName="Crash On Scene Portal Form" parentDisplayName="Accident" id="{62aeac8c-c0d2-ec11-a7b5-000d3a37560c}" />
      </MissingDependency>
      <MissingDependency>
        <Required type="26" schemaName="Vehicle Model Lookup View" displayName="Vehicle Model Lookup View" parentSchemaName="bna_vehiclemodel" parentDisplayName="Vehicle Model" solution="Active" id="{15f982e9-82a2-4472-85fb-697195bb070d}" />
        <Dependent type="60" displayName="Information" parentDisplayName="Vehicle " id="{68fb719e-c0a6-4743-84dd-c2f513929568}" />
      </MissingDependency>
      <MissingDependency>
        <Required type="26" schemaName="Active Witnesses" displayName="Active Witnesses" parentSchemaName="bna_witness" parentDisplayName="Witness" solution="Active" id="{28fba97b-a540-442c-807a-a88afae6a1f3}" />
        <Dependent type="60" displayName="Crash On Scene Portal Form" parentDisplayName="Accident" id="{62aeac8c-c0d2-ec11-a7b5-000d3a37560c}" />
      </MissingDependency>
      <MissingDependency>
        <Required type="26" schemaName="Active Maintenance Schedules" displayName="Active Maintenance Schedules" parentSchemaName="bna_maintenanceschedule" parentDisplayName="Maintenance Schedule" solution="Active" id="{3b0f784b-4b69-4423-82f6-3a436cf4d545}" />
        <Dependent type="60" displayName="Information" parentDisplayName="Vehicle " id="{68fb719e-c0a6-4743-84dd-c2f513929568}" />
      </MissingDependency>
      <MissingDependency>
        <Required type="26" schemaName="Active Maintenance Histories" displayName="Active Maintenance Histories" parentSchemaName="bna_maintenancehistory" parentDisplayName="Maintenance History" solution="Active" id="{43693cbf-5238-438f-bdeb-61f142a53e74}" />
        <Dependent type="60" displayName="Information" parentDisplayName="Vehicle " id="{68fb719e-c0a6-4743-84dd-c2f513929568}" />
      </MissingDependency>
      <MissingDependency>
        <Required type="26" schemaName="Active Vehicle Histories" displayName="Active Vehicle Histories" parentSchemaName="bna_vehiclehistory" parentDisplayName="Vehicle History" solution="Active" id="{82356b7f-ebc7-4d3b-a217-559a9d3deca8}" />
        <Dependent type="60" displayName="Information" parentDisplayName="Vehicle " id="{68fb719e-c0a6-4743-84dd-c2f513929568}" />
      </MissingDependency>
      <MissingDependency>
        <Required type="26" schemaName="Active Accidents" displayName="Active Accidents" parentSchemaName="bna_accident" parentDisplayName="Accident" solution="Active" id="{c3971945-ebeb-41ad-bcd5-ce4fefa464ff}" />
        <Dependent type="60" displayName="Information" parentDisplayName="Vehicle " id="{68fb719e-c0a6-4743-84dd-c2f513929568}" />
      </MissingDependency>
      <MissingDependency>
        <Required type="26" schemaName="Active Accident Injuries" displayName="Active Accident Injuries" parentSchemaName="bna_accidentinjury" parentDisplayName="Accident Injury" solution="Active" id="{e78874a1-891f-41c2-8891-e783b670f3b2}" />
        <Dependent type="60" displayName="Crash On Scene Portal Form" parentDisplayName="Accident" id="{62aeac8c-c0d2-ec11-a7b5-000d3a37560c}" />
      </MissingDependency>
      <MissingDependency>
        <Required type="60" displayName="Information" parentDisplayName="Bed Configuration" solution="Active" id="{4e343394-7d44-456a-9b52-68b135854ac8}" />
        <Dependent type="60" displayName="Information" parentDisplayName="Vehicle " id="{68fb719e-c0a6-4743-84dd-c2f513929568}" />
      </MissingDependency>
      <MissingDependency>
        <Required type="60" displayName="Information" parentDisplayName="Decal Installer" solution="Active" id="{5bc16148-eb73-4dd7-ac48-8748e31fb4d2}" />
        <Dependent type="60" displayName="Information" parentDisplayName="Vehicle " id="{68fb719e-c0a6-4743-84dd-c2f513929568}" />
      </MissingDependency>
      <MissingDependency>
        <Required type="60" displayName="Information" parentDisplayName="Sprayer Configuration" solution="Active" id="{cc57c222-2a0e-460d-b0ec-c25f60aab050}" />
        <Dependent type="60" displayName="Information" parentDisplayName="Vehicle " id="{68fb719e-c0a6-4743-84dd-c2f513929568}" />
      </MissingDependency>
      <MissingDependency>
        <Required type="61" schemaName="bna_accidenticon" displayName="bna_accidenticon" solution="Active" />
        <Dependent type="1" schemaName="bna_accident" displayName="Accident" />
      </MissingDependency>
      <MissingDependency>
        <Required type="61" schemaName="bna_drivericon" displayName="bna_drivericon" solution="Active" />
        <Dependent type="1" schemaName="bna_driver" displayName="Driver" />
      </MissingDependency>
      <MissingDependency>
        <Required type="61" schemaName="bna_SetStatusOfVehicle" displayName="bna_SetStatusOfVehicle" solution="Active" />
        <Dependent type="60" displayName="Information" parentDisplayName="Vehicle " id="{68fb719e-c0a6-4743-84dd-c2f513929568}" />
      </MissingDependency>
      <MissingDependency>
        <Required type="61" schemaName="bna_Vehicleicon" displayName="bna_Vehicleicon" solution="Active" />
        <Dependent type="1" schemaName="bna_vehicle" displayName="Vehicle " />
      </MissingDependency>
      <MissingDependency>
        <Required type="66" schemaName="MscrmControls.FieldControls.ToggleControl" displayName="MscrmControls.FieldControls.ToggleControl" solution="BaseCustomControlsCore (9.0.2210.4014)" />
        <Dependent type="60" displayName="Information" parentDisplayName="Vehicle " id="{68fb719e-c0a6-4743-84dd-c2f513929568}" />
      </MissingDependency>
      <MissingDependency>
        <Required type="66" schemaName="MscrmControls.RichTextEditor.RichTextEditorControl" displayName="MscrmControls.RichTextEditor.RichTextEditorControl" solution="msdyn_RichTextEditor (1.0.0.2017)" />
        <Dependent type="60" displayName="Crash On Scene Portal Form" parentDisplayName="Accident" id="{62aeac8c-c0d2-ec11-a7b5-000d3a37560c}" />
      </MissingDependency>
      <MissingDependency>
        <Required type="9" schemaName="bna_branding" displayName="Branding" solution="Active" />
        <Dependent type="2" schemaName="bna_branding" displayName="Branding" parentSchemaName="bna_vehicle" parentDisplayName="Vehicle " />
      </MissingDependency>
      <MissingDependency>
        <Required type="9" schemaName="bna_depreciationmethod" displayName="Depreciation Method" solution="Active" />
        <Dependent type="2" schemaName="bna_depreciationmethod" displayName="Depreciation Method" parentSchemaName="bna_vehicle" parentDisplayName="Vehicle " />
      </MissingDependency>
      <MissingDependency>
        <Required type="9" schemaName="bna_finaloutcome" displayName="Final Outcome" solution="Active" />
        <Dependent type="2" schemaName="bna_finaloutcome" displayName="Final Outcome" parentSchemaName="bna_vehicle" parentDisplayName="Vehicle " />
      </MissingDependency>
      <MissingDependency>
        <Required type="9" schemaName="bna_ownedorleased" displayName="Owned or Leased" solution="Active" />
        <Dependent type="2" schemaName="bna_ownership" displayName="Ownership" parentSchemaName="bna_vehicle" parentDisplayName="Vehicle " />
      </MissingDependency>
      <MissingDependency>
        <Required type="9" schemaName="bna_propertytaxpaid" displayName="Property Tax Paid" solution="Active" />
        <Dependent type="2" schemaName="bna_propertytaxpaid" displayName="Property Tax Paid" parentSchemaName="bna_vehicle" parentDisplayName="Vehicle " />
      </MissingDependency>
      <MissingDependency>
        <Required type="9" schemaName="bna_serviceaddecals" displayName="Service Ad Decal" solution="Active" />
        <Dependent type="2" schemaName="bna_serviceaddecal" displayName="Service Ad Decal" parentSchemaName="bna_vehicle" parentDisplayName="Vehicle " />
      </MissingDependency>
      <MissingDependency>
        <Required type="9" schemaName="bna_spare" displayName="Spare" solution="Active" />
        <Dependent type="2" schemaName="bna_spare" displayName="Spare" parentSchemaName="bna_vehicle" parentDisplayName="Vehicle " />
      </MissingDependency>
      <MissingDependency>
        <Required type="9" schemaName="bna_trailerconfiguration" displayName="Trailer Configuration" solution="Active" />
        <Dependent type="2" schemaName="bna_trailerconfiguration" displayName="Trailer Configuration" parentSchemaName="bna_vehicle" parentDisplayName="Vehicle " />
      </MissingDependency>
      <MissingDependency>
        <Required type="9" schemaName="bna_vehicledrivetrain" displayName="Vehicle Drivetrain" solution="Active" />
        <Dependent type="2" schemaName="bna_drivetrain" displayName="Drive Train" parentSchemaName="bna_vehicle" parentDisplayName="Vehicle " />
      </MissingDependency>
      <MissingDependency>
        <Required type="9" schemaName="bna_vehiclesourcetype" displayName="Vehicle Source Type" solution="Active" />
        <Dependent type="2" schemaName="bna_vehiclesource" displayName="Vehicle Source" parentSchemaName="bna_vehicle" parentDisplayName="Vehicle " />
      </MissingDependency>
      <MissingDependency>
        <Required type="9" schemaName="bna_vehicletype" displayName="Vehicle Type" solution="Active" />
        <Dependent type="2" schemaName="bna_vehicletype" displayName="Vehicle Type" parentSchemaName="bna_vehicle" parentDisplayName="Vehicle " />
      </MissingDependency>
    </MissingDependencies>
  </SolutionManifest>
</ImportExportXml>