<ImportExportXml version="9.2.22111.206" SolutionPackageVersion="9.2" languagecode="1033" generatedBy="CrmLive" xmlns:xsi="http://www.w3.org/2001/XMLSchema-instance">
  <SolutionManifest>
    <UniqueName>SharePointAccidentPhotos</UniqueName>
    <LocalizedNames>
      <LocalizedName description="SharePoint Accident Photos" languagecode="1033" />
    </LocalizedNames>
    <Descriptions />
    <Version>1.0.0.0</Version>
    <Managed>1</Managed>
    <Publisher>
      <UniqueName>Boyer_and_Assoc</UniqueName>
      <LocalizedNames>
        <LocalizedName description="Boyer and Assoc" languagecode="1033" />
      </LocalizedNames>
      <Descriptions />
      <EMailAddress xsi:nil="true"></EMailAddress>
      <SupportingWebsiteUrl xsi:nil="true"></SupportingWebsiteUrl>
      <CustomizationPrefix>bna</CustomizationPrefix>
      <CustomizationOptionValuePrefix>75909</CustomizationOptionValuePrefix>
      <Addresses>
        <Address>
          <AddressNumber>1</AddressNumber>
          <AddressTypeCode>1</AddressTypeCode>
          <City xsi:nil="true"></City>
          <County xsi:nil="true"></County>
          <Country xsi:nil="true"></Country>
          <Fax xsi:nil="true"></Fax>
          <FreightTermsCode xsi:nil="true"></FreightTermsCode>
          <ImportSequenceNumber xsi:nil="true"></ImportSequenceNumber>
          <Latitude xsi:nil="true"></Latitude>
          <Line1 xsi:nil="true"></Line1>
          <Line2 xsi:nil="true"></Line2>
          <Line3 xsi:nil="true"></Line3>
          <Longitude xsi:nil="true"></Longitude>
          <Name xsi:nil="true"></Name>
          <PostalCode xsi:nil="true"></PostalCode>
          <PostOfficeBox xsi:nil="true"></PostOfficeBox>
          <PrimaryContactName xsi:nil="true"></PrimaryContactName>
          <ShippingMethodCode>1</ShippingMethodCode>
          <StateOrProvince xsi:nil="true"></StateOrProvince>
          <Telephone1 xsi:nil="true"></Telephone1>
          <Telephone2 xsi:nil="true"></Telephone2>
          <Telephone3 xsi:nil="true"></Telephone3>
          <TimeZoneRuleVersionNumber xsi:nil="true"></TimeZoneRuleVersionNumber>
          <UPSZone xsi:nil="true"></UPSZone>
          <UTCOffset xsi:nil="true"></UTCOffset>
          <UTCConversionTimeZoneCode xsi:nil="true"></UTCConversionTimeZoneCode>
        </Address>
        <Address>
          <AddressNumber>2</AddressNumber>
          <AddressTypeCode>1</AddressTypeCode>
          <City xsi:nil="true"></City>
          <County xsi:nil="true"></County>
          <Country xsi:nil="true"></Country>
          <Fax xsi:nil="true"></Fax>
          <FreightTermsCode xsi:nil="true"></FreightTermsCode>
          <ImportSequenceNumber xsi:nil="true"></ImportSequenceNumber>
          <Latitude xsi:nil="true"></Latitude>
          <Line1 xsi:nil="true"></Line1>
          <Line2 xsi:nil="true"></Line2>
          <Line3 xsi:nil="true"></Line3>
          <Longitude xsi:nil="true"></Longitude>
          <Name xsi:nil="true"></Name>
          <PostalCode xsi:nil="true"></PostalCode>
          <PostOfficeBox xsi:nil="true"></PostOfficeBox>
          <PrimaryContactName xsi:nil="true"></PrimaryContactName>
          <ShippingMethodCode>1</ShippingMethodCode>
          <StateOrProvince xsi:nil="true"></StateOrProvince>
          <Telephone1 xsi:nil="true"></Telephone1>
          <Telephone2 xsi:nil="true"></Telephone2>
          <Telephone3 xsi:nil="true"></Telephone3>
          <TimeZoneRuleVersionNumber xsi:nil="true"></TimeZoneRuleVersionNumber>
          <UPSZone xsi:nil="true"></UPSZone>
          <UTCOffset xsi:nil="true"></UTCOffset>
          <UTCConversionTimeZoneCode xsi:nil="true"></UTCConversionTimeZoneCode>
        </Address>
      </Addresses>
    </Publisher>
    <RootComponents>
      <RootComponent type="1" schemaName="bna_accident" behavior="0" />
      <RootComponent type="1" schemaName="bna_accidenturl" behavior="0" />
      <RootComponent type="29" id="{eff1543e-7fff-ec11-82e4-00224806c21b}" behavior="0" />
    </RootComponents>
    <MissingDependencies>
      <MissingDependency>
        <Required type="1" schemaName="bna_accidentinjury" displayName="Accident Injury" solution="Active" />
        <Dependent type="1" schemaName="bna_accident" displayName="Accident" />
      </MissingDependency>
      <MissingDependency>
        <Required type="1" schemaName="bna_accidentinjury" displayName="Accident Injury" solution="Active" />
        <Dependent type="60" displayName="Information" parentDisplayName="Accident" id="{5e41cb71-00e8-4227-812e-5b30d53ba1e2}" />
      </MissingDependency>
      <MissingDependency>
        <Required type="1" schemaName="bna_accidentinjury" displayName="Accident Injury" solution="Active" />
        <Dependent type="60" displayName="Crash On Scene Portal Form" parentDisplayName="Accident" id="{62aeac8c-c0d2-ec11-a7b5-000d3a37560c}" />
      </MissingDependency>
      <MissingDependency>
        <Required type="1" schemaName="bna_accidentothervehicle" displayName="Accident Other Vehicle " solution="Active" />
        <Dependent type="1" schemaName="bna_accident" displayName="Accident" />
      </MissingDependency>
      <MissingDependency>
        <Required type="1" schemaName="bna_accidentothervehicle" displayName="Accident Other Vehicle " solution="Active" />
        <Dependent type="60" displayName="Information" parentDisplayName="Accident" id="{5e41cb71-00e8-4227-812e-5b30d53ba1e2}" />
      </MissingDependency>
      <MissingDependency>
        <Required type="1" schemaName="bna_accidentothervehicle" displayName="Accident Other Vehicle " solution="Active" />
        <Dependent type="60" displayName="Crash On Scene Portal Form" parentDisplayName="Accident" id="{62aeac8c-c0d2-ec11-a7b5-000d3a37560c}" />
      </MissingDependency>
      <MissingDependency>
        <Required type="1" schemaName="bna_driver" displayName="Driver" solution="Active" />
        <Dependent type="10" schemaName="bna_bna_driver_bna_accident_PlunkettsDriver" displayName="bna_bna_driver_bna_accident_PlunkettsDriver" parentSchemaName="bna_driver" parentDisplayName="Driver" />
      </MissingDependency>
      <MissingDependency>
        <Required type="1" schemaName="bna_driver" displayName="Driver" solution="Active" />
        <Dependent type="60" displayName="Crash On Scene Portal Form" parentDisplayName="Accident" id="{62aeac8c-c0d2-ec11-a7b5-000d3a37560c}" />
      </MissingDependency>
      <MissingDependency>
        <Required type="1" schemaName="bna_repairshop" displayName="Repair Shop" solution="Active" />
        <Dependent type="10" schemaName="bna_Accident_RepairShop_bna_RepairShop" displayName="bna_Accident_RepairShop_bna_RepairShop" parentSchemaName="bna_repairshop" parentDisplayName="Repair Shop" />
      </MissingDependency>
      <MissingDependency>
        <Required type="1" schemaName="bna_vehicle" displayName="Vehicle " solution="Active" />
        <Dependent type="10" schemaName="bna_bna_vehicle_bna_accident_Vehicle" displayName="bna_bna_vehicle_bna_accident_Vehicle" parentSchemaName="bna_vehicle" parentDisplayName="Vehicle " />
      </MissingDependency>
      <MissingDependency>
        <Required type="1" schemaName="bna_witness" displayName="Witness" solution="Active" />
        <Dependent type="1" schemaName="bna_accident" displayName="Accident" />
      </MissingDependency>
      <MissingDependency>
        <Required type="1" schemaName="bna_witness" displayName="Witness" solution="Active" />
        <Dependent type="60" displayName="Information" parentDisplayName="Accident" id="{5e41cb71-00e8-4227-812e-5b30d53ba1e2}" />
      </MissingDependency>
      <MissingDependency>
        <Required type="1" schemaName="bna_witness" displayName="Witness" solution="Active" />
        <Dependent type="60" displayName="Crash On Scene Portal Form" parentDisplayName="Accident" id="{62aeac8c-c0d2-ec11-a7b5-000d3a37560c}" />
      </MissingDependency>
      <MissingDependency>
        <Required type="1" schemaName="new_accidentbpf" displayName="Accident BPF" solution="Active" />
        <Dependent type="1" schemaName="bna_accident" displayName="Accident" />
      </MissingDependency>
      <MissingDependency>
        <Required type="10" schemaName="bna_AccidentInjury_Accident_bna_Accident" displayName="bna_AccidentInjury_Accident_bna_Accident" parentSchemaName="bna_accident" parentDisplayName="Accident" solution="Active" />
        <Dependent type="60" displayName="Information" parentDisplayName="Accident" id="{5e41cb71-00e8-4227-812e-5b30d53ba1e2}" />
      </MissingDependency>
      <MissingDependency>
        <Required type="10" schemaName="bna_AccidentInjury_Accident_bna_Accident" displayName="bna_AccidentInjury_Accident_bna_Accident" parentSchemaName="bna_accident" parentDisplayName="Accident" solution="Active" />
        <Dependent type="60" displayName="Crash On Scene Portal Form" parentDisplayName="Accident" id="{62aeac8c-c0d2-ec11-a7b5-000d3a37560c}" />
      </MissingDependency>
      <MissingDependency>
        <Required type="10" schemaName="bna_AccidentOtherVehicle_Accident_bna_Acc" displayName="bna_AccidentOtherVehicle_Accident_bna_Acc" parentSchemaName="bna_accident" parentDisplayName="Accident" solution="Active" />
        <Dependent type="60" displayName="Information" parentDisplayName="Accident" id="{5e41cb71-00e8-4227-812e-5b30d53ba1e2}" />
      </MissingDependency>
      <MissingDependency>
        <Required type="10" schemaName="bna_AccidentOtherVehicle_Accident_bna_Acc" displayName="bna_AccidentOtherVehicle_Accident_bna_Acc" parentSchemaName="bna_accident" parentDisplayName="Accident" solution="Active" />
        <Dependent type="60" displayName="Crash On Scene Portal Form" parentDisplayName="Accident" id="{62aeac8c-c0d2-ec11-a7b5-000d3a37560c}" />
      </MissingDependency>
      <MissingDependency>
        <Required type="10" schemaName="bna_bna_witness_bna_Accident_bna_accident" displayName="bna_bna_witness_bna_Accident_bna_accident" parentSchemaName="bna_accident" parentDisplayName="Accident" solution="Active" />
        <Dependent type="60" displayName="Information" parentDisplayName="Accident" id="{5e41cb71-00e8-4227-812e-5b30d53ba1e2}" />
      </MissingDependency>
      <MissingDependency>
        <Required type="10" schemaName="bna_bna_witness_bna_Accident_bna_accident" displayName="bna_bna_witness_bna_Accident_bna_accident" parentSchemaName="bna_accident" parentDisplayName="Accident" solution="Active" />
        <Dependent type="60" displayName="Crash On Scene Portal Form" parentDisplayName="Accident" id="{62aeac8c-c0d2-ec11-a7b5-000d3a37560c}" />
      </MissingDependency>
      <MissingDependency>
        <Required type="10" schemaName="bna_Vehicle_AssignName_bna_Driver" displayName="bna_Vehicle_AssignName_bna_Driver" parentSchemaName="bna_driver" parentDisplayName="Driver" solution="Active" />
        <Dependent type="60" displayName="Crash On Scene Portal Form" parentDisplayName="Accident" id="{62aeac8c-c0d2-ec11-a7b5-000d3a37560c}" />
      </MissingDependency>
      <MissingDependency>
        <Required type="2" schemaName="bna_driverid" displayName="Driver" parentSchemaName="bna_driver" parentDisplayName="Driver" solution="Active" />
        <Dependent type="10" schemaName="bna_bna_driver_bna_accident_PlunkettsDriver" displayName="bna_bna_driver_bna_accident_PlunkettsDriver" parentSchemaName="bna_driver" parentDisplayName="Driver" />
      </MissingDependency>
      <MissingDependency>
        <Required type="2" schemaName="bna_drivername" displayName="Driver Name" parentSchemaName="bna_driver" parentDisplayName="Driver" solution="Active" />
        <Dependent type="10" schemaName="bna_bna_driver_bna_accident_PlunkettsDriver" displayName="bna_bna_driver_bna_accident_PlunkettsDriver" parentSchemaName="bna_driver" parentDisplayName="Driver" />
      </MissingDependency>
      <MissingDependency>
        <Required type="2" schemaName="bna_name" displayName="Repair Shop Name" parentSchemaName="bna_repairshop" parentDisplayName="Repair Shop" solution="Active" />
        <Dependent type="10" schemaName="bna_Accident_RepairShop_bna_RepairShop" displayName="bna_Accident_RepairShop_bna_RepairShop" parentSchemaName="bna_repairshop" parentDisplayName="Repair Shop" />
      </MissingDependency>
      <MissingDependency>
        <Required type="2" schemaName="bna_repairshopid" displayName="Repair Shop ID" parentSchemaName="bna_repairshop" parentDisplayName="Repair Shop" solution="Active" />
        <Dependent type="10" schemaName="bna_Accident_RepairShop_bna_RepairShop" displayName="bna_Accident_RepairShop_bna_RepairShop" parentSchemaName="bna_repairshop" parentDisplayName="Repair Shop" />
      </MissingDependency>
      <MissingDependency>
        <Required type="2" schemaName="bna_name" displayName="Name" parentSchemaName="bna_vehicle" parentDisplayName="Vehicle " solution="Active" />
        <Dependent type="10" schemaName="bna_bna_vehicle_bna_accident_Vehicle" displayName="bna_bna_vehicle_bna_accident_Vehicle" parentSchemaName="bna_vehicle" parentDisplayName="Vehicle " />
      </MissingDependency>
      <MissingDependency>
        <Required type="2" schemaName="bna_vehicleid" displayName="Vehicle " parentSchemaName="bna_vehicle" parentDisplayName="Vehicle " solution="Active" />
        <Dependent type="10" schemaName="bna_bna_vehicle_bna_accident_Vehicle" displayName="bna_bna_vehicle_bna_accident_Vehicle" parentSchemaName="bna_vehicle" parentDisplayName="Vehicle " />
      </MissingDependency>
      <MissingDependency>
        <Required type="20" displayName="Plunketts Base Role" solution="Active" id="{9b0d2361-33bb-ec11-983f-00224805c94e}" />
        <Dependent type="60" displayName="Crash On Scene Portal Form" parentDisplayName="Accident" id="{62aeac8c-c0d2-ec11-a7b5-000d3a37560c}" />
      </MissingDependency>
      <MissingDependency>
        <Required type="26" schemaName="Active Accident Other Vehicles" displayName="Active Accident Other Vehicles" parentSchemaName="bna_accidentothervehicle" parentDisplayName="Accident Other Vehicle " solution="Active" id="{12724ba9-0034-4a04-a362-beb0e3b4d920}" />
        <Dependent type="60" displayName="Information" parentDisplayName="Accident" id="{5e41cb71-00e8-4227-812e-5b30d53ba1e2}" />
      </MissingDependency>
      <MissingDependency>
        <Required type="26" schemaName="Active Accident Other Vehicles" displayName="Active Accident Other Vehicles" parentSchemaName="bna_accidentothervehicle" parentDisplayName="Accident Other Vehicle " solution="Active" id="{12724ba9-0034-4a04-a362-beb0e3b4d920}" />
        <Dependent type="60" displayName="Crash On Scene Portal Form" parentDisplayName="Accident" id="{62aeac8c-c0d2-ec11-a7b5-000d3a37560c}" />
      </MissingDependency>
      <MissingDependency>
        <Required type="26" schemaName="Vehicle  Lookup View" displayName="Vehicle  Lookup View" parentSchemaName="bna_vehicle" parentDisplayName="Vehicle " solution="Active" id="{214b219c-edd9-47d8-83c4-0f814edaf85a}" />
        <Dependent type="60" displayName="Crash On Scene Portal Form" parentDisplayName="Accident" id="{62aeac8c-c0d2-ec11-a7b5-000d3a37560c}" />
      </MissingDependency>
      <MissingDependency>
        <Required type="26" schemaName="Active Witnesses" displayName="Active Witnesses" parentSchemaName="bna_witness" parentDisplayName="Witness" solution="Active" id="{28fba97b-a540-442c-807a-a88afae6a1f3}" />
        <Dependent type="60" displayName="Information" parentDisplayName="Accident" id="{5e41cb71-00e8-4227-812e-5b30d53ba1e2}" />
      </MissingDependency>
      <MissingDependency>
        <Required type="26" schemaName="Active Witnesses" displayName="Active Witnesses" parentSchemaName="bna_witness" parentDisplayName="Witness" solution="Active" id="{28fba97b-a540-442c-807a-a88afae6a1f3}" />
        <Dependent type="60" displayName="Crash On Scene Portal Form" parentDisplayName="Accident" id="{62aeac8c-c0d2-ec11-a7b5-000d3a37560c}" />
      </MissingDependency>
      <MissingDependency>
        <Required type="26" schemaName="Vehicles Overview" displayName="Vehicles Overview" parentSchemaName="bna_vehicle" parentDisplayName="Vehicle " solution="Active" id="{6880fff6-d7e1-ec11-bb3d-000d3a5b40b9}" />
        <Dependent type="60" displayName="Crash On Scene Portal Form" parentDisplayName="Accident" id="{62aeac8c-c0d2-ec11-a7b5-000d3a37560c}" />
      </MissingDependency>
      <MissingDependency>
        <Required type="26" schemaName="Inactive Vehicles" displayName="Inactive Vehicles" parentSchemaName="bna_vehicle" parentDisplayName="Vehicle " solution="Active" id="{6c19fa97-0fa5-4fca-8928-2e1c980609c7}" />
        <Dependent type="60" displayName="Crash On Scene Portal Form" parentDisplayName="Accident" id="{62aeac8c-c0d2-ec11-a7b5-000d3a37560c}" />
      </MissingDependency>
      <MissingDependency>
        <Required type="26" schemaName="Active Vehicles" displayName="Active Vehicles" parentSchemaName="bna_vehicle" parentDisplayName="Vehicle " solution="Active" id="{7a8b1784-09f8-4540-a235-5d42f45db93b}" />
        <Dependent type="60" displayName="Crash On Scene Portal Form" parentDisplayName="Accident" id="{62aeac8c-c0d2-ec11-a7b5-000d3a37560c}" />
      </MissingDependency>
      <MissingDependency>
        <Required type="26" schemaName="Portal - Vehicle Lookup" displayName="Portal - Vehicle Lookup" parentSchemaName="bna_vehicle" parentDisplayName="Vehicle " solution="Active" id="{9ea0dca5-584a-ed11-bba1-000d3a364a7c}" />
        <Dependent type="60" displayName="Crash On Scene Portal Form" parentDisplayName="Accident" id="{62aeac8c-c0d2-ec11-a7b5-000d3a37560c}" />
      </MissingDependency>
      <MissingDependency>
        <Required type="26" schemaName="Active Accident Injuries" displayName="Active Accident Injuries" parentSchemaName="bna_accidentinjury" parentDisplayName="Accident Injury" solution="Active" id="{e78874a1-891f-41c2-8891-e783b670f3b2}" />
        <Dependent type="60" displayName="Information" parentDisplayName="Accident" id="{5e41cb71-00e8-4227-812e-5b30d53ba1e2}" />
      </MissingDependency>
      <MissingDependency>
        <Required type="26" schemaName="Active Accident Injuries" displayName="Active Accident Injuries" parentSchemaName="bna_accidentinjury" parentDisplayName="Accident Injury" solution="Active" id="{e78874a1-891f-41c2-8891-e783b670f3b2}" />
        <Dependent type="60" displayName="Crash On Scene Portal Form" parentDisplayName="Accident" id="{62aeac8c-c0d2-ec11-a7b5-000d3a37560c}" />
      </MissingDependency>
      <MissingDependency>
        <Required type="26" schemaName="Insurance - Vehicles" displayName="Insurance - Vehicles" parentSchemaName="bna_vehicle" parentDisplayName="Vehicle " solution="Active" id="{ee406ad8-53e7-ec11-bb3c-002248069ace}" />
        <Dependent type="60" displayName="Crash On Scene Portal Form" parentDisplayName="Accident" id="{62aeac8c-c0d2-ec11-a7b5-000d3a37560c}" />
      </MissingDependency>
      <MissingDependency>
        <Required type="61" schemaName="bna_accidenticon" displayName="bna_accidenticon" solution="Active" />
        <Dependent type="1" schemaName="bna_accident" displayName="Accident" />
      </MissingDependency>
      <MissingDependency>
        <Required type="66" schemaName="MscrmControls.RichTextEditor.RichTextEditorControl" displayName="MscrmControls.RichTextEditor.RichTextEditorControl" solution="msdyn_RichTextEditor (1.0.0.2027)" />
        <Dependent type="60" displayName="Information" parentDisplayName="Accident" id="{5e41cb71-00e8-4227-812e-5b30d53ba1e2}" />
      </MissingDependency>
      <MissingDependency>
        <Required type="9" schemaName="bna_accidenttype" displayName="Accident Type" solution="Active" />
        <Dependent type="2" schemaName="bna_accidenttype" displayName="Accident Type" parentSchemaName="bna_accident" parentDisplayName="Accident" />
      </MissingDependency>
      <MissingDependency>
        <Required type="9" schemaName="bna_directionoftravel" displayName="Direction of Travel" solution="Active" />
        <Dependent type="2" schemaName="bna_othervehicledirectionoftravel" displayName="Other Vehicle - Direction of Travel" parentSchemaName="bna_accident" parentDisplayName="Accident" />
      </MissingDependency>
      <MissingDependency>
        <Required type="9" schemaName="bna_directionoftravel" displayName="Direction of Travel" solution="Active" />
        <Dependent type="2" schemaName="bna_yourvehicledirectionoftravel" displayName="Your Vehicle - Direction of Travel" parentSchemaName="bna_accident" parentDisplayName="Accident" />
      </MissingDependency>
      <MissingDependency>
        <Required type="9" schemaName="bna_preaccidentactionsmaneuvers" displayName="Pre Accident Actions / Maneuvers" solution="Active" />
        <Dependent type="2" schemaName="bna_othervehiclepreaccidentactionsmaneuvers" displayName="Other vehicle - Pre Accident Actions / Maneuvers" parentSchemaName="bna_accident" parentDisplayName="Accident" />
      </MissingDependency>
      <MissingDependency>
        <Required type="9" schemaName="bna_preaccidentactionsmaneuvers" displayName="Pre Accident Actions / Maneuvers" solution="Active" />
        <Dependent type="2" schemaName="bna_yourvehiclepreaccidentactionsmaneuvers" displayName="Your vehicle - Pre Accident Actions / Maneuvers" parentSchemaName="bna_accident" parentDisplayName="Accident" />
      </MissingDependency>
      <MissingDependency>
        <Required type="9" schemaName="bna_roadsurface" displayName="Road Surface" solution="Active" />
        <Dependent type="2" schemaName="bna_roadsurface" displayName="Road Surface" parentSchemaName="bna_accident" parentDisplayName="Accident" />
      </MissingDependency>
      <MissingDependency>
        <Required type="9" schemaName="bna_roadwork" displayName="Road Work" solution="Active" />
        <Dependent type="2" schemaName="bna_roadwork" displayName="Road Work?" parentSchemaName="bna_accident" parentDisplayName="Accident" />
      </MissingDependency>
      <MissingDependency>
        <Required type="9" schemaName="bna_sprayerremoved" displayName="Sprayer Removed" solution="Active" />
        <Dependent type="2" schemaName="bna_sprayerremoved" displayName="Sprayer Removed" parentSchemaName="bna_accident" parentDisplayName="Accident" />
      </MissingDependency>
      <MissingDependency>
        <Required type="connectionreference" displayName="bna_sharedcommondataserviceforapps_ecc9c" solution="Active" id.connectionreferencelogicalname="bna_sharedcommondataserviceforapps_ecc9c" />
        <Dependent type="29" displayName="When Picture is upload in CRM regarding Accident | Create Sharepoint Record | Delete Note" id="{eff1543e-7fff-ec11-82e4-00224806c21b}" />
      </MissingDependency>
      <MissingDependency>
        <Required type="connectionreference" displayName="bna_sharedsharepointonline_46bef" solution="Active" id.connectionreferencelogicalname="bna_sharedsharepointonline_46bef" />
        <Dependent type="29" displayName="When Picture is upload in CRM regarding Accident | Create Sharepoint Record | Delete Note" id="{eff1543e-7fff-ec11-82e4-00224806c21b}" />
      </MissingDependency>
    </MissingDependencies>
  </SolutionManifest>
</ImportExportXml>