{"name":"280927bb-d28f-4815-81a4-afa1a5729db9","id":"/providers/Microsoft.Flow/flows/280927bb-d28f-4815-81a4-afa1a5729db9","type":"Microsoft.Flow/flows","properties":{"apiId":"/providers/Microsoft.PowerApps/apis/shared_logicflows","displayName":"When Picture is upload in CRM regarding Accident | Create Sharepoint Record | Delete Note","definition":{"$schema":"https://schema.management.azure.com/providers/Microsoft.Logic/schemas/2016-06-01/workflowdefinition.json#","contentVersion":"1.0.0.0","parameters":{"$connections":{"defaultValue":{},"type":"Object"},"$authentication":{"defaultValue":{},"type":"SecureObject"}},"triggers":{"When_Picture_is_uploaded_against_Vehicle_Accident":{"metadata":{"operationMetadataId":"ba3e7466-00cf-47e5-bc81-a6fcec44491f"},"type":"OpenApiConnectionWebhook","inputs":{"host":{"connectionName":"shared_commondataserviceforapps","operationId":"SubscribeWebhookTrigger","apiId":"/providers/Microsoft.PowerApps/apis/shared_commondataserviceforapps"},"parameters":{"subscriptionRequest/message":1,"subscriptionRequest/entityname":"annotation","subscriptionRequest/scope":4},"authentication":"@parameters('$authentication')"}}},"actions":{"Check_If_Entity_Is_bna_accident_and_mime_type_is_jpg_or_png_or_jpeg":{"actions":{"Create_item":{"runAfter":{},"metadata":{"operationMetadataId":"5f73db8c-374e-4e46-a8d1-7a2b3d8e7e59"},"type":"OpenApiConnection","inputs":{"host":{"connectionName":"shared_sharepointonline","operationId":"PostItem","apiId":"/providers/Microsoft.PowerApps/apis/shared_sharepointonline"},"parameters":{"dataset":"https://plunkettsnet.sharepoint.com/sites/VehicleManagementDocumentStorage","table":"8fdb37d5-03b5-4d27-a6ea-6ee1f5c1a258","view":"5775e915-9484-4d04-9f67-2f7c170e90bd","item/Title":"@variables('Vehicle')","item/PlunkettsDriver":"@variables('Driver')","item/AccidentDate":"@outputs('Accident_Details')?['body/bna_dateofaccident']"},"authentication":"@parameters('$authentication')"}},"Compose":{"runAfter":{"Set_variable":["Succeeded"]},"metadata":{"operationMetadataId":"880daaec-f344-45d0-ae42-742220a2c512"},"type":"Compose","inputs":{"type":"thumbnail","fileName":"@{triggerOutputs()?['body/filename']}","nativefile":{},"fieldName":"VehicleImage","serverUrl":"https://plunkettsnet.sharepoint.com","serverRelativeUrl":"@{outputs('Attachment')?['body/AbsoluteUri']}","id":"@{guid()}"}},"Attachment":{"runAfter":{"Compose_2":["Succeeded"]},"metadata":{"operationMetadataId":"f90020c3-a9de-4983-9b7c-eebe359a3984"},"type":"OpenApiConnection","inputs":{"host":{"connectionName":"shared_sharepointonline","operationId":"CreateAttachment","apiId":"/providers/Microsoft.PowerApps/apis/shared_sharepointonline"},"parameters":{"dataset":"https://plunkettsnet.sharepoint.com/sites/VehicleManagementDocumentStorage","table":"8fdb37d5-03b5-4d27-a6ea-6ee1f5c1a258","itemId":"@outputs('Create_item')?['body/ID']","displayName":"@triggerOutputs()?['body/filename']","body":"@outputs('Compose_2')"},"authentication":"@parameters('$authentication')"}},"Set_variable":{"runAfter":{"Attachment":["Succeeded"]},"metadata":{"operationMetadataId":"a5ee1303-65ff-4e6e-92bc-2eb74d1cb0be"},"type":"SetVariable","inputs":{"name":"url","value":"@{decodeUriComponent(decodeUriComponent(outputs('Attachment')?['body/Id']))}"}},"Compose_2":{"runAfter":{"Create_item":["Succeeded"]},"metadata":{"operationMetadataId":"de72c81a-3db6-4781-8cc6-9df6d101af47"},"type":"Compose","inputs":"@base64ToBinary(triggerOutputs()?['body/documentbody'])"},"Update_Note_of_Accident_To_Empty":{"runAfter":{"Add_a_new_row_in_Accident_URL":["Succeeded"]},"metadata":{"operationMetadataId":"bd7961df-8a5a-4d59-8946-3160c16d525a"},"type":"OpenApiConnection","inputs":{"host":{"connectionName":"shared_commondataserviceforapps","operationId":"UpdateRecord","apiId":"/providers/Microsoft.PowerApps/apis/shared_commondataserviceforapps"},"parameters":{"entityName":"annotations","recordId":"@triggerOutputs()?['body/annotationid']","item/documentbody":"@null","item/filename":"@null","item/mimetype":"@null"},"authentication":"@parameters('$authentication')"}},"Add_a_new_row_in_Accident_URL":{"runAfter":{"Compose":["Succeeded"]},"metadata":{"operationMetadataId":"98e12272-f05d-4957-971a-733cb010db39"},"type":"OpenApiConnection","inputs":{"host":{"connectionName":"shared_commondataserviceforapps","operationId":"CreateRecord","apiId":"/providers/Microsoft.PowerApps/apis/shared_commondataserviceforapps"},"parameters":{"entityName":"bna_accidenturls","item/bna_accidentsharepointurl":"@outputs('Attachment')?['body/AbsoluteUri']","item/bna_Accident@odata.bind":"/bna_accidents/@{outputs('Accident_Details')?['body/bna_accidentid']}","item/bna_name":"@{outputs('Accident_Details')?['body/bna_yourfirstname']} @{outputs('Accident_Details')?['body/bna_yourlastname']}"},"authentication":"@parameters('$authentication')"}}},"runAfter":{"Initialize_variable":["Succeeded"]},"expression":{"and":[{"equals":["@triggerOutputs()?['body/objecttypecode']","bna_accident"]},{"or":[{"contains":["@triggerOutputs()?['body/mimetype']","png"]},{"contains":["@triggerOutputs()?['body/mimetype']","jpg"]},{"contains":["@triggerOutputs()?['body/mimetype']","jpeg"]}]}]},"metadata":{"operationMetadataId":"e66acce0-eb08-4661-80bb-68a08c24f7d8"},"type":"If"},"Initialize_variable":{"runAfter":{"Vehicle_Name":["Succeeded"]},"metadata":{"operationMetadataId":"e0788fee-3266-430b-a4f6-cb2a48883652"},"type":"InitializeVariable","inputs":{"variables":[{"name":"url","type":"string"}]}},"Accident_Details":{"runAfter":{},"metadata":{"operationMetadataId":"ea891050-44d3-4620-b803-795936aa7e16"},"type":"OpenApiConnection","inputs":{"host":{"connectionName":"shared_commondataserviceforapps","operationId":"GetItem","apiId":"/providers/Microsoft.PowerApps/apis/shared_commondataserviceforapps"},"parameters":{"entityName":"bna_accidents","recordId":"@triggerOutputs()?['body/_objectid_value']"},"authentication":"@parameters('$authentication')"}},"Driver_Name":{"runAfter":{"Accident_Details":["Succeeded"]},"metadata":{"operationMetadataId":"e2bb6766-28f3-4d56-8c7f-958a8fb8a961"},"type":"InitializeVariable","inputs":{"variables":[{"name":"Driver","type":"string","value":"@{outputs('Accident_Details')?['body/_bna_plunkettsdriver_value@OData.Community.Display.V1.FormattedValue']}"}]}},"Vehicle_Name":{"runAfter":{"Driver_Name":["Succeeded"]},"metadata":{"operationMetadataId":"c0d984bd-1e91-4d7c-9fbb-60134c054a1d"},"type":"InitializeVariable","inputs":{"variables":[{"name":"Vehicle","type":"string","value":"@{outputs('Accident_Details')?['body/_bna_vehicle_value@OData.Community.Display.V1.FormattedValue']}"}]}}},"outputs":{}},"connectionReferences":{"shared_sharepointonline":{"source":"Embedded","id":"/providers/Microsoft.PowerApps/apis/shared_sharepointonline","tier":"NotSpecified"},"shared_commondataserviceforapps":{"source":"Embedded","id":"/providers/Microsoft.PowerApps/apis/shared_commondataserviceforapps","tier":"NotSpecified"}},"flowFailureAlertSubscribed":false,"isManaged":false}}