﻿<?xml version="1.0" encoding="utf-8"?>
<Entity xmlns:i="http://www.w3.org/2001/XMLSchema-instance" xmlns="http://schemas.microsoft.com/xrm/2011/Contracts">
  <Attributes xmlns:d2p1="http://schemas.datacontract.org/2004/07/System.Collections.Generic">
    <KeyValuePairOfstringanyType>
      <d2p1:key>adx_adddescription</d2p1:key>
      <d2p1:value xmlns:d4p1="http://www.w3.org/2001/XMLSchema" i:type="d4p1:boolean">false</d2p1:value>
    </KeyValuePairOfstringanyType>
    <KeyValuePairOfstringanyType>
      <d2p1:key>adx_attributelogicalname</d2p1:key>
      <d2p1:value i:nil="true" />
    </KeyValuePairOfstringanyType>
    <KeyValuePairOfstringanyType>
      <d2p1:key>adx_constantsummaximumtotal</d2p1:key>
      <d2p1:value i:nil="true" />
    </KeyValuePairOfstringanyType>
    <KeyValuePairOfstringanyType>
      <d2p1:key>adx_constantsumminimumtotal</d2p1:key>
      <d2p1:value i:nil="true" />
    </KeyValuePairOfstringanyType>
    <KeyValuePairOfstringanyType>
      <d2p1:key>adx_constantsumvalidationerrormessage</d2p1:key>
      <d2p1:value i:nil="true" />
    </KeyValuePairOfstringanyType>
    <KeyValuePairOfstringanyType>
      <d2p1:key>adx_controlstyle</d2p1:key>
      <d2p1:value i:nil="true" />
    </KeyValuePairOfstringanyType>
    <KeyValuePairOfstringanyType>
      <d2p1:key>adx_cssclass</d2p1:key>
      <d2p1:value i:nil="true" />
    </KeyValuePairOfstringanyType>
    <KeyValuePairOfstringanyType>
      <d2p1:key>adx_description</d2p1:key>
      <d2p1:value i:nil="true" />
    </KeyValuePairOfstringanyType>
    <KeyValuePairOfstringanyType>
      <d2p1:key>adx_descriptionposition</d2p1:key>
      <d2p1:value i:type="OptionSetValue">
        <Value>100000000</Value>
      </d2p1:value>
    </KeyValuePairOfstringanyType>
    <KeyValuePairOfstringanyType>
      <d2p1:key>adx_entityformforcreate</d2p1:key>
      <d2p1:value i:nil="true" />
    </KeyValuePairOfstringanyType>
    <KeyValuePairOfstringanyType>
      <d2p1:key>adx_entityformforcreateinwebformmetadata</d2p1:key>
      <d2p1:value i:nil="true" />
    </KeyValuePairOfstringanyType>
    <KeyValuePairOfstringanyType>
      <d2p1:key>adx_fieldisrequired</d2p1:key>
      <d2p1:value xmlns:d4p1="http://www.w3.org/2001/XMLSchema" i:type="d4p1:boolean">false</d2p1:value>
    </KeyValuePairOfstringanyType>
    <KeyValuePairOfstringanyType>
      <d2p1:key>adx_geolocationvalidatorerrormessage</d2p1:key>
      <d2p1:value i:nil="true" />
    </KeyValuePairOfstringanyType>
    <KeyValuePairOfstringanyType>
      <d2p1:key>adx_groupname</d2p1:key>
      <d2p1:value i:nil="true" />
    </KeyValuePairOfstringanyType>
    <KeyValuePairOfstringanyType>
      <d2p1:key>adx_ignoredefaultvalue</d2p1:key>
      <d2p1:value xmlns:d4p1="http://www.w3.org/2001/XMLSchema" i:type="d4p1:boolean">false</d2p1:value>
    </KeyValuePairOfstringanyType>
    <KeyValuePairOfstringanyType>
      <d2p1:key>adx_label</d2p1:key>
      <d2p1:value i:nil="true" />
    </KeyValuePairOfstringanyType>
    <KeyValuePairOfstringanyType>
      <d2p1:key>adx_maxmultiplechoiceselectedcount</d2p1:key>
      <d2p1:value i:nil="true" />
    </KeyValuePairOfstringanyType>
    <KeyValuePairOfstringanyType>
      <d2p1:key>adx_minmultiplechoiceselectedcount</d2p1:key>
      <d2p1:value i:nil="true" />
    </KeyValuePairOfstringanyType>
    <KeyValuePairOfstringanyType>
      <d2p1:key>adx_multiplechoicevalidationerrormessage</d2p1:key>
      <d2p1:value i:nil="true" />
    </KeyValuePairOfstringanyType>
    <KeyValuePairOfstringanyType>
      <d2p1:key>adx_notes_settings</d2p1:key>
      <d2p1:value i:nil="true" />
    </KeyValuePairOfstringanyType>
    <KeyValuePairOfstringanyType>
      <d2p1:key>adx_onsavefromattribute</d2p1:key>
      <d2p1:value i:nil="true" />
    </KeyValuePairOfstringanyType>
    <KeyValuePairOfstringanyType>
      <d2p1:key>adx_onsavetype</d2p1:key>
      <d2p1:value i:nil="true" />
    </KeyValuePairOfstringanyType>
    <KeyValuePairOfstringanyType>
      <d2p1:key>adx_onsavevalue</d2p1:key>
      <d2p1:value i:nil="true" />
    </KeyValuePairOfstringanyType>
    <KeyValuePairOfstringanyType>
      <d2p1:key>adx_prepopulatefromattribute</d2p1:key>
      <d2p1:value i:nil="true" />
    </KeyValuePairOfstringanyType>
    <KeyValuePairOfstringanyType>
      <d2p1:key>adx_prepopulatetype</d2p1:key>
      <d2p1:value i:nil="true" />
    </KeyValuePairOfstringanyType>
    <KeyValuePairOfstringanyType>
      <d2p1:key>adx_prepopulatevalue</d2p1:key>
      <d2p1:value i:nil="true" />
    </KeyValuePairOfstringanyType>
    <KeyValuePairOfstringanyType>
      <d2p1:key>adx_provisionedlanguages</d2p1:key>
      <d2p1:value i:nil="true" />
    </KeyValuePairOfstringanyType>
    <KeyValuePairOfstringanyType>
      <d2p1:key>adx_purchasecreateinvoiceonpayment</d2p1:key>
      <d2p1:value xmlns:d4p1="http://www.w3.org/2001/XMLSchema" i:type="d4p1:boolean">false</d2p1:value>
    </KeyValuePairOfstringanyType>
    <KeyValuePairOfstringanyType>
      <d2p1:key>adx_purchasefulfillorderonpayment</d2p1:key>
      <d2p1:value xmlns:d4p1="http://www.w3.org/2001/XMLSchema" i:type="d4p1:boolean">false</d2p1:value>
    </KeyValuePairOfstringanyType>
    <KeyValuePairOfstringanyType>
      <d2p1:key>adx_purchaselineitemdescriptionattribute</d2p1:key>
      <d2p1:value i:nil="true" />
    </KeyValuePairOfstringanyType>
    <KeyValuePairOfstringanyType>
      <d2p1:key>adx_purchaselineiteminstructionsattribute</d2p1:key>
      <d2p1:value i:nil="true" />
    </KeyValuePairOfstringanyType>
    <KeyValuePairOfstringanyType>
      <d2p1:key>adx_purchaselineitemorderattribute</d2p1:key>
      <d2p1:value i:nil="true" />
    </KeyValuePairOfstringanyType>
    <KeyValuePairOfstringanyType>
      <d2p1:key>adx_purchaselineitemproductattribute</d2p1:key>
      <d2p1:value i:nil="true" />
    </KeyValuePairOfstringanyType>
    <KeyValuePairOfstringanyType>
      <d2p1:key>adx_purchaselineitemquantityattribute</d2p1:key>
      <d2p1:value i:nil="true" />
    </KeyValuePairOfstringanyType>
    <KeyValuePairOfstringanyType>
      <d2p1:key>adx_purchaselineitemrelationship</d2p1:key>
      <d2p1:value i:nil="true" />
    </KeyValuePairOfstringanyType>
    <KeyValuePairOfstringanyType>
      <d2p1:key>adx_purchaselineitemrequiredattribute</d2p1:key>
      <d2p1:value i:nil="true" />
    </KeyValuePairOfstringanyType>
    <KeyValuePairOfstringanyType>
      <d2p1:key>adx_purchaselineitemuomattribute</d2p1:key>
      <d2p1:value i:nil="true" />
    </KeyValuePairOfstringanyType>
    <KeyValuePairOfstringanyType>
      <d2p1:key>adx_purchaseoptionalproductsrelationship</d2p1:key>
      <d2p1:value i:nil="true" />
    </KeyValuePairOfstringanyType>
    <KeyValuePairOfstringanyType>
      <d2p1:key>adx_purchasequotename</d2p1:key>
      <d2p1:value i:nil="true" />
    </KeyValuePairOfstringanyType>
    <KeyValuePairOfstringanyType>
      <d2p1:key>adx_purchaserequiredproductsrelationship</d2p1:key>
      <d2p1:value i:nil="true" />
    </KeyValuePairOfstringanyType>
    <KeyValuePairOfstringanyType>
      <d2p1:key>adx_purchaserequiresshipping</d2p1:key>
      <d2p1:value xmlns:d4p1="http://www.w3.org/2001/XMLSchema" i:type="d4p1:boolean">false</d2p1:value>
    </KeyValuePairOfstringanyType>
    <KeyValuePairOfstringanyType>
      <d2p1:key>adx_purchasetargetentityinvoicerelationship</d2p1:key>
      <d2p1:value i:nil="true" />
    </KeyValuePairOfstringanyType>
    <KeyValuePairOfstringanyType>
      <d2p1:key>adx_purchasetargetentityorderrelationship</d2p1:key>
      <d2p1:value i:nil="true" />
    </KeyValuePairOfstringanyType>
    <KeyValuePairOfstringanyType>
      <d2p1:key>adx_purchasetargetentityrelationship</d2p1:key>
      <d2p1:value i:nil="true" />
    </KeyValuePairOfstringanyType>
    <KeyValuePairOfstringanyType>
      <d2p1:key>adx_randomizeoptionsetvalues</d2p1:key>
      <d2p1:value xmlns:d4p1="http://www.w3.org/2001/XMLSchema" i:type="d4p1:boolean">false</d2p1:value>
    </KeyValuePairOfstringanyType>
    <KeyValuePairOfstringanyType>
      <d2p1:key>adx_rangevalidationerrormessage</d2p1:key>
      <d2p1:value i:nil="true" />
    </KeyValuePairOfstringanyType>
    <KeyValuePairOfstringanyType>
      <d2p1:key>adx_rankordernotiesvalidationerrormessage</d2p1:key>
      <d2p1:value i:nil="true" />
    </KeyValuePairOfstringanyType>
    <KeyValuePairOfstringanyType>
      <d2p1:key>adx_requiredfieldvalidationerrormessage</d2p1:key>
      <d2p1:value i:nil="true" />
    </KeyValuePairOfstringanyType>
    <KeyValuePairOfstringanyType>
      <d2p1:key>adx_sectionname</d2p1:key>
      <d2p1:value i:nil="true" />
    </KeyValuePairOfstringanyType>
    <KeyValuePairOfstringanyType>
      <d2p1:key>adx_setvalueonsave</d2p1:key>
      <d2p1:value xmlns:d4p1="http://www.w3.org/2001/XMLSchema" i:type="d4p1:boolean">false</d2p1:value>
    </KeyValuePairOfstringanyType>
    <KeyValuePairOfstringanyType>
      <d2p1:key>adx_subgrid_name</d2p1:key>
      <d2p1:value xmlns:d4p1="http://www.w3.org/2001/XMLSchema" i:type="d4p1:string">RacialBoard</d2p1:value>
    </KeyValuePairOfstringanyType>
    <KeyValuePairOfstringanyType>
      <d2p1:key>adx_subgrid_settings</d2p1:key>
      <d2p1:value xmlns:d4p1="http://www.w3.org/2001/XMLSchema" i:type="d4p1:string">{"$type":"Adxstudio.Xrm.Web.UI.CrmEntityListView.GridMetadata, Adxstudio.Xrm","ViewFormats":[],"ViewActions":[{"$type":"Adxstudio.Xrm.Web.UI.CrmEntityListView.GridMetadata+CreateAction, Adxstudio.Xrm","SuccessMessage":[{"$type":"Adxstudio.Xrm.Web.UI.WebForms.LanguageResources, Adxstudio.Xrm","LCID":1033,"Value":"The record has been saved."}],"TargetType":0,"OnComplete":0,"RedirectWebpageId":"","RedirectUrl":"","EntityFormId":"1b210a31-9ef8-ec11-bb3d-000d3a337ae9","ShowModal":0,"Confirmation":[{"$type":"Adxstudio.Xrm.Web.UI.WebForms.LanguageResources, Adxstudio.Xrm","LCID":1033,"Value":""}],"ButtonLabel":[{"$type":"Adxstudio.Xrm.Web.UI.WebForms.LanguageResources, Adxstudio.Xrm","LCID":1033,"Value":"Create Member"}],"ButtonTooltip":[{"$type":"Adxstudio.Xrm.Web.UI.WebForms.LanguageResources, Adxstudio.Xrm","LCID":1033,"Value":"Create Member"}],"ActionIndex":0,"FilterCriteria":""}],"ExtendedViewActions":[],"ItemActions":[{"$type":"Adxstudio.Xrm.Web.UI.CrmEntityListView.GridMetadata+EditAction, Adxstudio.Xrm","SuccessMessage":[{"$type":"Adxstudio.Xrm.Web.UI.WebForms.LanguageResources, Adxstudio.Xrm","LCID":1033,"Value":"The record has been saved."}],"RecordIdQueryStringParameterName":"id","TargetType":0,"OnComplete":0,"RedirectWebpageId":"","RedirectUrl":"","EntityFormId":"f7615e73-9ef8-ec11-bb3d-000d3a337ae9","ShowModal":0,"Confirmation":[{"$type":"Adxstudio.Xrm.Web.UI.WebForms.LanguageResources, Adxstudio.Xrm","LCID":1033,"Value":""}],"ButtonLabel":[{"$type":"Adxstudio.Xrm.Web.UI.WebForms.LanguageResources, Adxstudio.Xrm","LCID":1033,"Value":""}],"ButtonTooltip":[{"$type":"Adxstudio.Xrm.Web.UI.WebForms.LanguageResources, Adxstudio.Xrm","LCID":1033,"Value":""}],"ActionIndex":0,"FilterCriteria":""}],"ExtendedItemActions":[],"ColumnOverrides":[],"LoadingMessage":[{"$type":"Adxstudio.Xrm.Web.UI.WebForms.LanguageResources, Adxstudio.Xrm","LCID":1033,"Value":""}],"ErrorMessage":[{"$type":"Adxstudio.Xrm.Web.UI.WebForms.LanguageResources, Adxstudio.Xrm","LCID":1033,"Value":""}],"AccessDeniedMessage":[{"$type":"Adxstudio.Xrm.Web.UI.WebForms.LanguageResources, Adxstudio.Xrm","LCID":1033,"Value":""}],"EmptyMessage":[{"$type":"Adxstudio.Xrm.Web.UI.WebForms.LanguageResources, Adxstudio.Xrm","LCID":1033,"Value":""}],"DetailsFormDialog":{"$type":"Adxstudio.Xrm.Web.UI.CrmEntityListView.GridMetadata+DetailsFormModal, Adxstudio.Xrm","LoadingMessage":[{"$type":"Adxstudio.Xrm.Web.UI.WebForms.LanguageResources, Adxstudio.Xrm","LCID":1033,"Value":""}],"Title":[{"$type":"Adxstudio.Xrm.Web.UI.WebForms.LanguageResources, Adxstudio.Xrm","LCID":1033,"Value":""}],"PrimaryButtonText":[{"$type":"Adxstudio.Xrm.Web.UI.WebForms.LanguageResources, Adxstudio.Xrm","LCID":1033,"Value":""}],"CloseButtonText":[{"$type":"Adxstudio.Xrm.Web.UI.WebForms.LanguageResources, Adxstudio.Xrm","LCID":1033,"Value":""}],"DismissButtonSrText":[{"$type":"Adxstudio.Xrm.Web.UI.WebForms.LanguageResources, Adxstudio.Xrm","LCID":1033,"Value":""}],"Size":1,"CssClass":"","TitleCssClass":"","PrimaryButtonCssClass":"","CloseButtonCssClass":""},"EditFormDialog":{"$type":"Adxstudio.Xrm.Web.UI.CrmEntityListView.GridMetadata+EditFormModal, Adxstudio.Xrm","LoadingMessage":[{"$type":"Adxstudio.Xrm.Web.UI.WebForms.LanguageResources, Adxstudio.Xrm","LCID":1033,"Value":""}],"Title":[{"$type":"Adxstudio.Xrm.Web.UI.WebForms.LanguageResources, Adxstudio.Xrm","LCID":1033,"Value":"Edit RI Board Member"}],"PrimaryButtonText":[{"$type":"Adxstudio.Xrm.Web.UI.WebForms.LanguageResources, Adxstudio.Xrm","LCID":1033,"Value":""}],"CloseButtonText":[{"$type":"Adxstudio.Xrm.Web.UI.WebForms.LanguageResources, Adxstudio.Xrm","LCID":1033,"Value":""}],"DismissButtonSrText":[{"$type":"Adxstudio.Xrm.Web.UI.WebForms.LanguageResources, Adxstudio.Xrm","LCID":1033,"Value":""}],"Size":1,"CssClass":"","TitleCssClass":"","PrimaryButtonCssClass":"","CloseButtonCssClass":""},"CreateRelatedRecordDialog":{"$type":"Adxstudio.Xrm.Web.UI.JsonConfiguration.CreateRelatedRecordModal, Adxstudio.Xrm","LoadingMessage":[{"$type":"Adxstudio.Xrm.Web.UI.WebForms.LanguageResources, Adxstudio.Xrm","LCID":1033,"Value":""}],"Title":[{"$type":"Adxstudio.Xrm.Web.UI.WebForms.LanguageResources, Adxstudio.Xrm","LCID":1033,"Value":""}],"PrimaryButtonText":[{"$type":"Adxstudio.Xrm.Web.UI.WebForms.LanguageResources, Adxstudio.Xrm","LCID":1033,"Value":""}],"CloseButtonText":[{"$type":"Adxstudio.Xrm.Web.UI.WebForms.LanguageResources, Adxstudio.Xrm","LCID":1033,"Value":""}],"DismissButtonSrText":[{"$type":"Adxstudio.Xrm.Web.UI.WebForms.LanguageResources, Adxstudio.Xrm","LCID":1033,"Value":""}],"Size":1,"CssClass":"","TitleCssClass":"","PrimaryButtonCssClass":"","CloseButtonCssClass":""},"CreateFormDialog":{"$type":"Adxstudio.Xrm.Web.UI.CrmEntityListView.GridMetadata+CreateFormModal, Adxstudio.Xrm","LoadingMessage":[{"$type":"Adxstudio.Xrm.Web.UI.WebForms.LanguageResources, Adxstudio.Xrm","LCID":1033,"Value":""}],"Title":[{"$type":"Adxstudio.Xrm.Web.UI.WebForms.LanguageResources, Adxstudio.Xrm","LCID":1033,"Value":"Create RI Board Member"}],"PrimaryButtonText":[{"$type":"Adxstudio.Xrm.Web.UI.WebForms.LanguageResources, Adxstudio.Xrm","LCID":1033,"Value":""}],"CloseButtonText":[{"$type":"Adxstudio.Xrm.Web.UI.WebForms.LanguageResources, Adxstudio.Xrm","LCID":1033,"Value":""}],"DismissButtonSrText":[{"$type":"Adxstudio.Xrm.Web.UI.WebForms.LanguageResources, Adxstudio.Xrm","LCID":1033,"Value":""}],"Size":1,"CssClass":"testclass","TitleCssClass":"testclass","PrimaryButtonCssClass":"","CloseButtonCssClass":""},"DeleteDialog":{"$type":"Adxstudio.Xrm.Web.UI.CrmEntityListView.GridMetadata+DeleteModal, Adxstudio.Xrm","Title":[{"$type":"Adxstudio.Xrm.Web.UI.WebForms.LanguageResources, Adxstudio.Xrm","LCID":1033,"Value":""}],"PrimaryButtonText":[{"$type":"Adxstudio.Xrm.Web.UI.WebForms.LanguageResources, Adxstudio.Xrm","LCID":1033,"Value":""}],"CloseButtonText":[{"$type":"Adxstudio.Xrm.Web.UI.WebForms.LanguageResources, Adxstudio.Xrm","LCID":1033,"Value":""}],"DismissButtonSrText":[{"$type":"Adxstudio.Xrm.Web.UI.WebForms.LanguageResources, Adxstudio.Xrm","LCID":1033,"Value":""}],"Size":0,"CssClass":"","TitleCssClass":"","PrimaryButtonCssClass":"","CloseButtonCssClass":""},"WorkflowDialog":{"$type":"Adxstudio.Xrm.Web.UI.JsonConfiguration.WorkflowModal, Adxstudio.Xrm","Title":[{"$type":"Adxstudio.Xrm.Web.UI.WebForms.LanguageResources, Adxstudio.Xrm","LCID":1033,"Value":""}],"PrimaryButtonText":[{"$type":"Adxstudio.Xrm.Web.UI.WebForms.LanguageResources, Adxstudio.Xrm","LCID":1033,"Value":""}],"CloseButtonText":[{"$type":"Adxstudio.Xrm.Web.UI.WebForms.LanguageResources, Adxstudio.Xrm","LCID":1033,"Value":""}],"DismissButtonSrText":[{"$type":"Adxstudio.Xrm.Web.UI.WebForms.LanguageResources, Adxstudio.Xrm","LCID":1033,"Value":""}],"Size":0,"CssClass":"","TitleCssClass":"","PrimaryButtonCssClass":"","CloseButtonCssClass":""},"ErrorDialog":{"$type":"Adxstudio.Xrm.Web.UI.CrmEntityListView.GridMetadata+ErrorModal, Adxstudio.Xrm","Body":[{"$type":"Adxstudio.Xrm.Web.UI.WebForms.LanguageResources, Adxstudio.Xrm","LCID":1033,"Value":""}],"Title":[{"$type":"Adxstudio.Xrm.Web.UI.WebForms.LanguageResources, Adxstudio.Xrm","LCID":1033,"Value":""}],"PrimaryButtonText":[{"$type":"Adxstudio.Xrm.Web.UI.WebForms.LanguageResources, Adxstudio.Xrm","LCID":1033,"Value":""}],"CloseButtonText":[{"$type":"Adxstudio.Xrm.Web.UI.WebForms.LanguageResources, Adxstudio.Xrm","LCID":1033,"Value":""}],"DismissButtonSrText":[{"$type":"Adxstudio.Xrm.Web.UI.WebForms.LanguageResources, Adxstudio.Xrm","LCID":1033,"Value":""}],"Size":0,"CssClass":"","TitleCssClass":"","PrimaryButtonCssClass":"","CloseButtonCssClass":""},"CssClass":"","GridCssClass":"table-striped","GridColumnWidthStyle":1,"LookupDialog":{"$type":"Adxstudio.Xrm.Web.UI.CrmEntityListView.GridMetadata+LookupModal, Adxstudio.Xrm","SelectRecordsTitle":[{"$type":"Adxstudio.Xrm.Web.UI.WebForms.LanguageResources, Adxstudio.Xrm","LCID":1033,"Value":""}],"DefaultErrorMessage":[{"$type":"Adxstudio.Xrm.Web.UI.WebForms.LanguageResources, Adxstudio.Xrm","LCID":1033,"Value":""}],"GridSettings":{"$type":"Adxstudio.Xrm.Web.UI.CrmEntityListView.GridMetadata+LookupModal+GridOptions, Adxstudio.Xrm","LoadingMessage":[{"$type":"Adxstudio.Xrm.Web.UI.WebForms.LanguageResources, Adxstudio.Xrm","LCID":1033,"Value":""}],"ErrorMessage":[{"$type":"Adxstudio.Xrm.Web.UI.WebForms.LanguageResources, Adxstudio.Xrm","LCID":1033,"Value":""}],"AccessDeniedMessage":[{"$type":"Adxstudio.Xrm.Web.UI.WebForms.LanguageResources, Adxstudio.Xrm","LCID":1033,"Value":""}],"EmptyMessage":[{"$type":"Adxstudio.Xrm.Web.UI.WebForms.LanguageResources, Adxstudio.Xrm","LCID":1033,"Value":""}],"CssClass":"","GridCssClass":""},"Title":[{"$type":"Adxstudio.Xrm.Web.UI.WebForms.LanguageResources, Adxstudio.Xrm","LCID":1033,"Value":""}],"PrimaryButtonText":[{"$type":"Adxstudio.Xrm.Web.UI.WebForms.LanguageResources, Adxstudio.Xrm","LCID":1033,"Value":""}],"CloseButtonText":[{"$type":"Adxstudio.Xrm.Web.UI.WebForms.LanguageResources, Adxstudio.Xrm","LCID":1033,"Value":""}],"DismissButtonSrText":[{"$type":"Adxstudio.Xrm.Web.UI.WebForms.LanguageResources, Adxstudio.Xrm","LCID":1033,"Value":""}],"Size":0,"CssClass":"","TitleCssClass":"","PrimaryButtonCssClass":"","CloseButtonCssClass":""},"DisassociateDialog":{"$type":"Adxstudio.Xrm.Web.UI.JsonConfiguration.DisassociateModal, Adxstudio.Xrm","Title":[{"$type":"Adxstudio.Xrm.Web.UI.WebForms.LanguageResources, Adxstudio.Xrm","LCID":1033,"Value":""}],"PrimaryButtonText":[{"$type":"Adxstudio.Xrm.Web.UI.WebForms.LanguageResources, Adxstudio.Xrm","LCID":1033,"Value":""}],"CloseButtonText":[{"$type":"Adxstudio.Xrm.Web.UI.WebForms.LanguageResources, Adxstudio.Xrm","LCID":1033,"Value":""}],"DismissButtonSrText":[{"$type":"Adxstudio.Xrm.Web.UI.WebForms.LanguageResources, Adxstudio.Xrm","LCID":1033,"Value":""}],"Size":0,"CssClass":"","TitleCssClass":"","PrimaryButtonCssClass":"","CloseButtonCssClass":""},"ActivateDialog":{"$type":"Adxstudio.Xrm.Web.UI.JsonConfiguration.ActivateModal,\tAdxstudio.Xrm","Title":[{"$type":"Adxstudio.Xrm.Web.UI.WebForms.LanguageResources, Adxstudio.Xrm","LCID":1033,"Value":""}],"PrimaryButtonText":[{"$type":"Adxstudio.Xrm.Web.UI.WebForms.LanguageResources, Adxstudio.Xrm","LCID":1033,"Value":""}],"CloseButtonText":[{"$type":"Adxstudio.Xrm.Web.UI.WebForms.LanguageResources, Adxstudio.Xrm","LCID":1033,"Value":""}],"DismissButtonSrText":[{"$type":"Adxstudio.Xrm.Web.UI.WebForms.LanguageResources, Adxstudio.Xrm","LCID":1033,"Value":""}],"Size":0,"CssClass":"","TitleCssClass":"","PrimaryButtonCssClass":"","CloseButtonCssClass":""},"DeactivateDialog":{"$type":"Adxstudio.Xrm.Web.UI.JsonConfiguration.DeactivateModal,\tAdxstudio.Xrm","Title":[{"$type":"Adxstudio.Xrm.Web.UI.WebForms.LanguageResources, Adxstudio.Xrm","LCID":1033,"Value":""}],"PrimaryButtonText":[{"$type":"Adxstudio.Xrm.Web.UI.WebForms.LanguageResources, Adxstudio.Xrm","LCID":1033,"Value":""}],"CloseButtonText":[{"$type":"Adxstudio.Xrm.Web.UI.WebForms.LanguageResources, Adxstudio.Xrm","LCID":1033,"Value":""}],"DismissButtonSrText":[{"$type":"Adxstudio.Xrm.Web.UI.WebForms.LanguageResources, Adxstudio.Xrm","LCID":1033,"Value":""}],"Size":0,"CssClass":"","TitleCssClass":"","PrimaryButtonCssClass":"","CloseButtonCssClass":""},"GetDirectionsDialog":{"$type":"Adxstudio.Xrm.Web.UI.JsonConfiguration.GetDirectionsModal,\tAdxstudio.Xrm","Title":[{"$type":"Adxstudio.Xrm.Web.UI.WebForms.LanguageResources, Adxstudio.Xrm","LCID":1033,"Value":""}],"PrimaryButtonText":[{"$type":"Adxstudio.Xrm.Web.UI.WebForms.LanguageResources, Adxstudio.Xrm","LCID":1033,"Value":""}],"CloseButtonText":[{"$type":"Adxstudio.Xrm.Web.UI.WebForms.LanguageResources, Adxstudio.Xrm","LCID":1033,"Value":""}],"DismissButtonSrText":[{"$type":"Adxstudio.Xrm.Web.UI.WebForms.LanguageResources, Adxstudio.Xrm","LCID":1033,"Value":""}],"Size":1,"CssClass":"","TitleCssClass":"","PrimaryButtonCssClass":"","CloseButtonCssClass":""}}</d2p1:value>
    </KeyValuePairOfstringanyType>
    <KeyValuePairOfstringanyType>
      <d2p1:key>adx_tabname</d2p1:key>
      <d2p1:value i:nil="true" />
    </KeyValuePairOfstringanyType>
    <KeyValuePairOfstringanyType>
      <d2p1:key>adx_timeline_settings</d2p1:key>
      <d2p1:value i:nil="true" />
    </KeyValuePairOfstringanyType>
    <KeyValuePairOfstringanyType>
      <d2p1:key>adx_type</d2p1:key>
      <d2p1:value i:type="OptionSetValue">
        <Value>100000004</Value>
      </d2p1:value>
    </KeyValuePairOfstringanyType>
    <KeyValuePairOfstringanyType>
      <d2p1:key>adx_useattributedescriptionproperty</d2p1:key>
      <d2p1:value xmlns:d4p1="http://www.w3.org/2001/XMLSchema" i:type="d4p1:boolean">false</d2p1:value>
    </KeyValuePairOfstringanyType>
    <KeyValuePairOfstringanyType>
      <d2p1:key>adx_validationerrormessage</d2p1:key>
      <d2p1:value i:nil="true" />
    </KeyValuePairOfstringanyType>
    <KeyValuePairOfstringanyType>
      <d2p1:key>adx_validationregularexpression</d2p1:key>
      <d2p1:value i:nil="true" />
    </KeyValuePairOfstringanyType>
    <KeyValuePairOfstringanyType>
      <d2p1:key>adx_validationregularexpressionerrormessage</d2p1:key>
      <d2p1:value i:nil="true" />
    </KeyValuePairOfstringanyType>
    <KeyValuePairOfstringanyType>
      <d2p1:key>adx_webformmetadataid</d2p1:key>
      <d2p1:value xmlns:d4p1="http://schemas.microsoft.com/2003/10/Serialization/" i:type="d4p1:guid">ab3e5258-e8f5-ec11-bb3d-000d3a337ae9</d2p1:value>
    </KeyValuePairOfstringanyType>
    <KeyValuePairOfstringanyType>
      <d2p1:key>adx_webformstep</d2p1:key>
      <d2p1:value i:type="EntityReference">
        <Id>1f89e8ce-c3f2-ec11-bb3d-000d3a3af24f</Id>
        <KeyAttributes xmlns:d5p1="http://schemas.microsoft.com/xrm/7.1/Contracts" />
        <LogicalName>adx_webformstep</LogicalName>
        <Name>A. Racial Identity Demographics</Name>
        <RowVersion i:nil="true" />
      </d2p1:value>
    </KeyValuePairOfstringanyType>
    <KeyValuePairOfstringanyType>
      <d2p1:key>importsequencenumber</d2p1:key>
      <d2p1:value i:nil="true" />
    </KeyValuePairOfstringanyType>
    <KeyValuePairOfstringanyType>
      <d2p1:key>overriddencreatedon</d2p1:key>
      <d2p1:value i:nil="true" />
    </KeyValuePairOfstringanyType>
    <KeyValuePairOfstringanyType>
      <d2p1:key>statecode</d2p1:key>
      <d2p1:value i:type="OptionSetValue">
        <Value>0</Value>
      </d2p1:value>
    </KeyValuePairOfstringanyType>
    <KeyValuePairOfstringanyType>
      <d2p1:key>statuscode</d2p1:key>
      <d2p1:value i:type="OptionSetValue">
        <Value>1</Value>
      </d2p1:value>
    </KeyValuePairOfstringanyType>
    <KeyValuePairOfstringanyType>
      <d2p1:key>timezoneruleversionnumber</d2p1:key>
      <d2p1:value i:nil="true" />
    </KeyValuePairOfstringanyType>
    <KeyValuePairOfstringanyType>
      <d2p1:key>utcconversiontimezonecode</d2p1:key>
      <d2p1:value i:nil="true" />
    </KeyValuePairOfstringanyType>
  </Attributes>
  <EntityState i:nil="true" />
  <FormattedValues xmlns:d2p1="http://schemas.datacontract.org/2004/07/System.Collections.Generic">
    <KeyValuePairOfstringstring>
      <d2p1:key>statecode</d2p1:key>
      <d2p1:value>Active</d2p1:value>
    </KeyValuePairOfstringstring>
    <KeyValuePairOfstringstring>
      <d2p1:key>adx_fieldisrequired</d2p1:key>
      <d2p1:value>No</d2p1:value>
    </KeyValuePairOfstringstring>
    <KeyValuePairOfstringstring>
      <d2p1:key>statuscode</d2p1:key>
      <d2p1:value>Active</d2p1:value>
    </KeyValuePairOfstringstring>
    <KeyValuePairOfstringstring>
      <d2p1:key>adx_purchasecreateinvoiceonpayment</d2p1:key>
      <d2p1:value>No</d2p1:value>
    </KeyValuePairOfstringstring>
    <KeyValuePairOfstringstring>
      <d2p1:key>adx_purchaserequiresshipping</d2p1:key>
      <d2p1:value>No</d2p1:value>
    </KeyValuePairOfstringstring>
    <KeyValuePairOfstringstring>
      <d2p1:key>createdon</d2p1:key>
      <d2p1:value>6/27/2022 12:11 PM</d2p1:value>
    </KeyValuePairOfstringstring>
    <KeyValuePairOfstringstring>
      <d2p1:key>adx_randomizeoptionsetvalues</d2p1:key>
      <d2p1:value>No</d2p1:value>
    </KeyValuePairOfstringstring>
    <KeyValuePairOfstringstring>
      <d2p1:key>adx_type</d2p1:key>
      <d2p1:value>Subgrid</d2p1:value>
    </KeyValuePairOfstringstring>
    <KeyValuePairOfstringstring>
      <d2p1:key>adx_adddescription</d2p1:key>
      <d2p1:value>No</d2p1:value>
    </KeyValuePairOfstringstring>
    <KeyValuePairOfstringstring>
      <d2p1:key>adx_ignoredefaultvalue</d2p1:key>
      <d2p1:value>No</d2p1:value>
    </KeyValuePairOfstringstring>
    <KeyValuePairOfstringstring>
      <d2p1:key>adx_setvalueonsave</d2p1:key>
      <d2p1:value>No</d2p1:value>
    </KeyValuePairOfstringstring>
    <KeyValuePairOfstringstring>
      <d2p1:key>modifiedby</d2p1:key>
      <d2p1:value>RSMAdmin #</d2p1:value>
    </KeyValuePairOfstringstring>
    <KeyValuePairOfstringstring>
      <d2p1:key>modifiedon</d2p1:key>
      <d2p1:value>7/1/2022 12:57 AM</d2p1:value>
    </KeyValuePairOfstringstring>
    <KeyValuePairOfstringstring>
      <d2p1:key>adx_descriptionposition</d2p1:key>
      <d2p1:value>Above the field</d2p1:value>
    </KeyValuePairOfstringstring>
    <KeyValuePairOfstringstring>
      <d2p1:key>adx_webformstep</d2p1:key>
      <d2p1:value>A. Racial Identity Demographics</d2p1:value>
    </KeyValuePairOfstringstring>
    <KeyValuePairOfstringstring>
      <d2p1:key>adx_purchasefulfillorderonpayment</d2p1:key>
      <d2p1:value>No</d2p1:value>
    </KeyValuePairOfstringstring>
    <KeyValuePairOfstringstring>
      <d2p1:key>createdby</d2p1:key>
      <d2p1:value>Scaleable Solutions</d2p1:value>
    </KeyValuePairOfstringstring>
    <KeyValuePairOfstringstring>
      <d2p1:key>organizationid</d2p1:key>
      <d2p1:value>unqc5e0611fc06b40be8d1ed7302679f</d2p1:value>
    </KeyValuePairOfstringstring>
    <KeyValuePairOfstringstring>
      <d2p1:key>adx_useattributedescriptionproperty</d2p1:key>
      <d2p1:value>No</d2p1:value>
    </KeyValuePairOfstringstring>
  </FormattedValues>
  <Id>ab3e5258-e8f5-ec11-bb3d-000d3a337ae9</Id>
  <KeyAttributes xmlns:d2p1="http://schemas.microsoft.com/xrm/7.1/Contracts" xmlns:d2p2="http://schemas.datacontract.org/2004/07/System.Collections.Generic" />
  <LogicalName>adx_webformmetadata</LogicalName>
  <RelatedEntities xmlns:d2p1="http://schemas.datacontract.org/2004/07/System.Collections.Generic" />
  <RowVersion>19728746</RowVersion>
</Entity>