﻿<?xml version="1.0" encoding="utf-8"?>
<Entity xmlns:i="http://www.w3.org/2001/XMLSchema-instance" xmlns="http://schemas.microsoft.com/xrm/2011/Contracts">
  <Attributes xmlns:d2p1="http://schemas.datacontract.org/2004/07/System.Collections.Generic">
    <KeyValuePairOfstringanyType>
      <d2p1:key>adx_adddescription</d2p1:key>
      <d2p1:value xmlns:d4p1="http://www.w3.org/2001/XMLSchema" i:type="d4p1:boolean">false</d2p1:value>
    </KeyValuePairOfstringanyType>
    <KeyValuePairOfstringanyType>
      <d2p1:key>adx_attributelogicalname</d2p1:key>
      <d2p1:value xmlns:d4p1="http://www.w3.org/2001/XMLSchema" i:type="d4p1:string">rfdi_gender_board_cisgender</d2p1:value>
    </KeyValuePairOfstringanyType>
    <KeyValuePairOfstringanyType>
      <d2p1:key>adx_constantsummaximumtotal</d2p1:key>
      <d2p1:value i:nil="true" />
    </KeyValuePairOfstringanyType>
    <KeyValuePairOfstringanyType>
      <d2p1:key>adx_constantsumminimumtotal</d2p1:key>
      <d2p1:value i:nil="true" />
    </KeyValuePairOfstringanyType>
    <KeyValuePairOfstringanyType>
      <d2p1:key>adx_constantsumvalidationerrormessage</d2p1:key>
      <d2p1:value i:nil="true" />
    </KeyValuePairOfstringanyType>
    <KeyValuePairOfstringanyType>
      <d2p1:key>adx_controlstyle</d2p1:key>
      <d2p1:value i:nil="true" />
    </KeyValuePairOfstringanyType>
    <KeyValuePairOfstringanyType>
      <d2p1:key>adx_cssclass</d2p1:key>
      <d2p1:value i:nil="true" />
    </KeyValuePairOfstringanyType>
    <KeyValuePairOfstringanyType>
      <d2p1:key>adx_description</d2p1:key>
      <d2p1:value i:nil="true" />
    </KeyValuePairOfstringanyType>
    <KeyValuePairOfstringanyType>
      <d2p1:key>adx_descriptionposition</d2p1:key>
      <d2p1:value i:type="OptionSetValue">
        <Value>100000000</Value>
      </d2p1:value>
    </KeyValuePairOfstringanyType>
    <KeyValuePairOfstringanyType>
      <d2p1:key>adx_entityformforcreate</d2p1:key>
      <d2p1:value i:nil="true" />
    </KeyValuePairOfstringanyType>
    <KeyValuePairOfstringanyType>
      <d2p1:key>adx_entityformforcreateinwebformmetadata</d2p1:key>
      <d2p1:value i:nil="true" />
    </KeyValuePairOfstringanyType>
    <KeyValuePairOfstringanyType>
      <d2p1:key>adx_fieldisrequired</d2p1:key>
      <d2p1:value xmlns:d4p1="http://www.w3.org/2001/XMLSchema" i:type="d4p1:boolean">false</d2p1:value>
    </KeyValuePairOfstringanyType>
    <KeyValuePairOfstringanyType>
      <d2p1:key>adx_geolocationvalidatorerrormessage</d2p1:key>
      <d2p1:value i:nil="true" />
    </KeyValuePairOfstringanyType>
    <KeyValuePairOfstringanyType>
      <d2p1:key>adx_groupname</d2p1:key>
      <d2p1:value i:nil="true" />
    </KeyValuePairOfstringanyType>
    <KeyValuePairOfstringanyType>
      <d2p1:key>adx_ignoredefaultvalue</d2p1:key>
      <d2p1:value xmlns:d4p1="http://www.w3.org/2001/XMLSchema" i:type="d4p1:boolean">false</d2p1:value>
    </KeyValuePairOfstringanyType>
    <KeyValuePairOfstringanyType>
      <d2p1:key>adx_label</d2p1:key>
      <d2p1:value xmlns:d4p1="http://www.w3.org/2001/XMLSchema" i:type="d4p1:string">[{"LCID":1033,"Value":"Cisgender"}]</d2p1:value>
    </KeyValuePairOfstringanyType>
    <KeyValuePairOfstringanyType>
      <d2p1:key>adx_maxmultiplechoiceselectedcount</d2p1:key>
      <d2p1:value i:nil="true" />
    </KeyValuePairOfstringanyType>
    <KeyValuePairOfstringanyType>
      <d2p1:key>adx_minmultiplechoiceselectedcount</d2p1:key>
      <d2p1:value i:nil="true" />
    </KeyValuePairOfstringanyType>
    <KeyValuePairOfstringanyType>
      <d2p1:key>adx_multiplechoicevalidationerrormessage</d2p1:key>
      <d2p1:value i:nil="true" />
    </KeyValuePairOfstringanyType>
    <KeyValuePairOfstringanyType>
      <d2p1:key>adx_notes_settings</d2p1:key>
      <d2p1:value i:nil="true" />
    </KeyValuePairOfstringanyType>
    <KeyValuePairOfstringanyType>
      <d2p1:key>adx_onsavefromattribute</d2p1:key>
      <d2p1:value i:nil="true" />
    </KeyValuePairOfstringanyType>
    <KeyValuePairOfstringanyType>
      <d2p1:key>adx_onsavetype</d2p1:key>
      <d2p1:value i:nil="true" />
    </KeyValuePairOfstringanyType>
    <KeyValuePairOfstringanyType>
      <d2p1:key>adx_onsavevalue</d2p1:key>
      <d2p1:value i:nil="true" />
    </KeyValuePairOfstringanyType>
    <KeyValuePairOfstringanyType>
      <d2p1:key>adx_prepopulatefromattribute</d2p1:key>
      <d2p1:value i:nil="true" />
    </KeyValuePairOfstringanyType>
    <KeyValuePairOfstringanyType>
      <d2p1:key>adx_prepopulatetype</d2p1:key>
      <d2p1:value i:nil="true" />
    </KeyValuePairOfstringanyType>
    <KeyValuePairOfstringanyType>
      <d2p1:key>adx_prepopulatevalue</d2p1:key>
      <d2p1:value i:nil="true" />
    </KeyValuePairOfstringanyType>
    <KeyValuePairOfstringanyType>
      <d2p1:key>adx_provisionedlanguages</d2p1:key>
      <d2p1:value i:nil="true" />
    </KeyValuePairOfstringanyType>
    <KeyValuePairOfstringanyType>
      <d2p1:key>adx_purchasecreateinvoiceonpayment</d2p1:key>
      <d2p1:value xmlns:d4p1="http://www.w3.org/2001/XMLSchema" i:type="d4p1:boolean">false</d2p1:value>
    </KeyValuePairOfstringanyType>
    <KeyValuePairOfstringanyType>
      <d2p1:key>adx_purchasefulfillorderonpayment</d2p1:key>
      <d2p1:value xmlns:d4p1="http://www.w3.org/2001/XMLSchema" i:type="d4p1:boolean">false</d2p1:value>
    </KeyValuePairOfstringanyType>
    <KeyValuePairOfstringanyType>
      <d2p1:key>adx_purchaselineitemdescriptionattribute</d2p1:key>
      <d2p1:value i:nil="true" />
    </KeyValuePairOfstringanyType>
    <KeyValuePairOfstringanyType>
      <d2p1:key>adx_purchaselineiteminstructionsattribute</d2p1:key>
      <d2p1:value i:nil="true" />
    </KeyValuePairOfstringanyType>
    <KeyValuePairOfstringanyType>
      <d2p1:key>adx_purchaselineitemorderattribute</d2p1:key>
      <d2p1:value i:nil="true" />
    </KeyValuePairOfstringanyType>
    <KeyValuePairOfstringanyType>
      <d2p1:key>adx_purchaselineitemproductattribute</d2p1:key>
      <d2p1:value i:nil="true" />
    </KeyValuePairOfstringanyType>
    <KeyValuePairOfstringanyType>
      <d2p1:key>adx_purchaselineitemquantityattribute</d2p1:key>
      <d2p1:value i:nil="true" />
    </KeyValuePairOfstringanyType>
    <KeyValuePairOfstringanyType>
      <d2p1:key>adx_purchaselineitemrelationship</d2p1:key>
      <d2p1:value i:nil="true" />
    </KeyValuePairOfstringanyType>
    <KeyValuePairOfstringanyType>
      <d2p1:key>adx_purchaselineitemrequiredattribute</d2p1:key>
      <d2p1:value i:nil="true" />
    </KeyValuePairOfstringanyType>
    <KeyValuePairOfstringanyType>
      <d2p1:key>adx_purchaselineitemuomattribute</d2p1:key>
      <d2p1:value i:nil="true" />
    </KeyValuePairOfstringanyType>
    <KeyValuePairOfstringanyType>
      <d2p1:key>adx_purchaseoptionalproductsrelationship</d2p1:key>
      <d2p1:value i:nil="true" />
    </KeyValuePairOfstringanyType>
    <KeyValuePairOfstringanyType>
      <d2p1:key>adx_purchasequotename</d2p1:key>
      <d2p1:value i:nil="true" />
    </KeyValuePairOfstringanyType>
    <KeyValuePairOfstringanyType>
      <d2p1:key>adx_purchaserequiredproductsrelationship</d2p1:key>
      <d2p1:value i:nil="true" />
    </KeyValuePairOfstringanyType>
    <KeyValuePairOfstringanyType>
      <d2p1:key>adx_purchaserequiresshipping</d2p1:key>
      <d2p1:value xmlns:d4p1="http://www.w3.org/2001/XMLSchema" i:type="d4p1:boolean">false</d2p1:value>
    </KeyValuePairOfstringanyType>
    <KeyValuePairOfstringanyType>
      <d2p1:key>adx_purchasetargetentityinvoicerelationship</d2p1:key>
      <d2p1:value i:nil="true" />
    </KeyValuePairOfstringanyType>
    <KeyValuePairOfstringanyType>
      <d2p1:key>adx_purchasetargetentityorderrelationship</d2p1:key>
      <d2p1:value i:nil="true" />
    </KeyValuePairOfstringanyType>
    <KeyValuePairOfstringanyType>
      <d2p1:key>adx_purchasetargetentityrelationship</d2p1:key>
      <d2p1:value i:nil="true" />
    </KeyValuePairOfstringanyType>
    <KeyValuePairOfstringanyType>
      <d2p1:key>adx_randomizeoptionsetvalues</d2p1:key>
      <d2p1:value xmlns:d4p1="http://www.w3.org/2001/XMLSchema" i:type="d4p1:boolean">false</d2p1:value>
    </KeyValuePairOfstringanyType>
    <KeyValuePairOfstringanyType>
      <d2p1:key>adx_rangevalidationerrormessage</d2p1:key>
      <d2p1:value i:nil="true" />
    </KeyValuePairOfstringanyType>
    <KeyValuePairOfstringanyType>
      <d2p1:key>adx_rankordernotiesvalidationerrormessage</d2p1:key>
      <d2p1:value i:nil="true" />
    </KeyValuePairOfstringanyType>
    <KeyValuePairOfstringanyType>
      <d2p1:key>adx_requiredfieldvalidationerrormessage</d2p1:key>
      <d2p1:value i:nil="true" />
    </KeyValuePairOfstringanyType>
    <KeyValuePairOfstringanyType>
      <d2p1:key>adx_sectionname</d2p1:key>
      <d2p1:value i:nil="true" />
    </KeyValuePairOfstringanyType>
    <KeyValuePairOfstringanyType>
      <d2p1:key>adx_setvalueonsave</d2p1:key>
      <d2p1:value xmlns:d4p1="http://www.w3.org/2001/XMLSchema" i:type="d4p1:boolean">false</d2p1:value>
    </KeyValuePairOfstringanyType>
    <KeyValuePairOfstringanyType>
      <d2p1:key>adx_subgrid_name</d2p1:key>
      <d2p1:value i:nil="true" />
    </KeyValuePairOfstringanyType>
    <KeyValuePairOfstringanyType>
      <d2p1:key>adx_subgrid_settings</d2p1:key>
      <d2p1:value i:nil="true" />
    </KeyValuePairOfstringanyType>
    <KeyValuePairOfstringanyType>
      <d2p1:key>adx_tabname</d2p1:key>
      <d2p1:value i:nil="true" />
    </KeyValuePairOfstringanyType>
    <KeyValuePairOfstringanyType>
      <d2p1:key>adx_timeline_settings</d2p1:key>
      <d2p1:value i:nil="true" />
    </KeyValuePairOfstringanyType>
    <KeyValuePairOfstringanyType>
      <d2p1:key>adx_type</d2p1:key>
      <d2p1:value i:type="OptionSetValue">
        <Value>100000000</Value>
      </d2p1:value>
    </KeyValuePairOfstringanyType>
    <KeyValuePairOfstringanyType>
      <d2p1:key>adx_useattributedescriptionproperty</d2p1:key>
      <d2p1:value xmlns:d4p1="http://www.w3.org/2001/XMLSchema" i:type="d4p1:boolean">false</d2p1:value>
    </KeyValuePairOfstringanyType>
    <KeyValuePairOfstringanyType>
      <d2p1:key>adx_validationerrormessage</d2p1:key>
      <d2p1:value i:nil="true" />
    </KeyValuePairOfstringanyType>
    <KeyValuePairOfstringanyType>
      <d2p1:key>adx_validationregularexpression</d2p1:key>
      <d2p1:value i:nil="true" />
    </KeyValuePairOfstringanyType>
    <KeyValuePairOfstringanyType>
      <d2p1:key>adx_validationregularexpressionerrormessage</d2p1:key>
      <d2p1:value i:nil="true" />
    </KeyValuePairOfstringanyType>
    <KeyValuePairOfstringanyType>
      <d2p1:key>adx_webformmetadataid</d2p1:key>
      <d2p1:value xmlns:d4p1="http://schemas.microsoft.com/2003/10/Serialization/" i:type="d4p1:guid">f2b6ed63-39ee-ec11-bb3d-000d3a592bc8</d2p1:value>
    </KeyValuePairOfstringanyType>
    <KeyValuePairOfstringanyType>
      <d2p1:key>adx_webformstep</d2p1:key>
      <d2p1:value i:type="EntityReference">
        <Id>50e48d36-39ee-ec11-bb3d-000d3a592bc8</Id>
        <KeyAttributes xmlns:d5p1="http://schemas.microsoft.com/xrm/7.1/Contracts" />
        <LogicalName>adx_webformstep</LogicalName>
        <Name>B. Gender Identity Demographics</Name>
        <RowVersion i:nil="true" />
      </d2p1:value>
    </KeyValuePairOfstringanyType>
    <KeyValuePairOfstringanyType>
      <d2p1:key>importsequencenumber</d2p1:key>
      <d2p1:value i:nil="true" />
    </KeyValuePairOfstringanyType>
    <KeyValuePairOfstringanyType>
      <d2p1:key>overriddencreatedon</d2p1:key>
      <d2p1:value i:nil="true" />
    </KeyValuePairOfstringanyType>
    <KeyValuePairOfstringanyType>
      <d2p1:key>statecode</d2p1:key>
      <d2p1:value i:type="OptionSetValue">
        <Value>0</Value>
      </d2p1:value>
    </KeyValuePairOfstringanyType>
    <KeyValuePairOfstringanyType>
      <d2p1:key>statuscode</d2p1:key>
      <d2p1:value i:type="OptionSetValue">
        <Value>1</Value>
      </d2p1:value>
    </KeyValuePairOfstringanyType>
    <KeyValuePairOfstringanyType>
      <d2p1:key>timezoneruleversionnumber</d2p1:key>
      <d2p1:value i:nil="true" />
    </KeyValuePairOfstringanyType>
    <KeyValuePairOfstringanyType>
      <d2p1:key>utcconversiontimezonecode</d2p1:key>
      <d2p1:value i:nil="true" />
    </KeyValuePairOfstringanyType>
  </Attributes>
  <EntityState i:nil="true" />
  <FormattedValues xmlns:d2p1="http://schemas.datacontract.org/2004/07/System.Collections.Generic">
    <KeyValuePairOfstringstring>
      <d2p1:key>statecode</d2p1:key>
      <d2p1:value>Active</d2p1:value>
    </KeyValuePairOfstringstring>
    <KeyValuePairOfstringstring>
      <d2p1:key>adx_fieldisrequired</d2p1:key>
      <d2p1:value>No</d2p1:value>
    </KeyValuePairOfstringstring>
    <KeyValuePairOfstringstring>
      <d2p1:key>statuscode</d2p1:key>
      <d2p1:value>Active</d2p1:value>
    </KeyValuePairOfstringstring>
    <KeyValuePairOfstringstring>
      <d2p1:key>adx_purchasecreateinvoiceonpayment</d2p1:key>
      <d2p1:value>No</d2p1:value>
    </KeyValuePairOfstringstring>
    <KeyValuePairOfstringstring>
      <d2p1:key>adx_purchaserequiresshipping</d2p1:key>
      <d2p1:value>No</d2p1:value>
    </KeyValuePairOfstringstring>
    <KeyValuePairOfstringstring>
      <d2p1:key>createdon</d2p1:key>
      <d2p1:value>6/17/2022 5:31 PM</d2p1:value>
    </KeyValuePairOfstringstring>
    <KeyValuePairOfstringstring>
      <d2p1:key>adx_randomizeoptionsetvalues</d2p1:key>
      <d2p1:value>No</d2p1:value>
    </KeyValuePairOfstringstring>
    <KeyValuePairOfstringstring>
      <d2p1:key>adx_type</d2p1:key>
      <d2p1:value>Attribute</d2p1:value>
    </KeyValuePairOfstringstring>
    <KeyValuePairOfstringstring>
      <d2p1:key>adx_adddescription</d2p1:key>
      <d2p1:value>No</d2p1:value>
    </KeyValuePairOfstringstring>
    <KeyValuePairOfstringstring>
      <d2p1:key>adx_ignoredefaultvalue</d2p1:key>
      <d2p1:value>No</d2p1:value>
    </KeyValuePairOfstringstring>
    <KeyValuePairOfstringstring>
      <d2p1:key>adx_setvalueonsave</d2p1:key>
      <d2p1:value>No</d2p1:value>
    </KeyValuePairOfstringstring>
    <KeyValuePairOfstringstring>
      <d2p1:key>modifiedby</d2p1:key>
      <d2p1:value>Scaleable Solutions</d2p1:value>
    </KeyValuePairOfstringstring>
    <KeyValuePairOfstringstring>
      <d2p1:key>modifiedon</d2p1:key>
      <d2p1:value>6/22/2022 12:45 PM</d2p1:value>
    </KeyValuePairOfstringstring>
    <KeyValuePairOfstringstring>
      <d2p1:key>adx_descriptionposition</d2p1:key>
      <d2p1:value>Above the field</d2p1:value>
    </KeyValuePairOfstringstring>
    <KeyValuePairOfstringstring>
      <d2p1:key>adx_webformstep</d2p1:key>
      <d2p1:value>B. Gender Identity Demographics</d2p1:value>
    </KeyValuePairOfstringstring>
    <KeyValuePairOfstringstring>
      <d2p1:key>adx_purchasefulfillorderonpayment</d2p1:key>
      <d2p1:value>No</d2p1:value>
    </KeyValuePairOfstringstring>
    <KeyValuePairOfstringstring>
      <d2p1:key>createdby</d2p1:key>
      <d2p1:value>Scaleable Solutions</d2p1:value>
    </KeyValuePairOfstringstring>
    <KeyValuePairOfstringstring>
      <d2p1:key>organizationid</d2p1:key>
      <d2p1:value>unqc5e0611fc06b40be8d1ed7302679f</d2p1:value>
    </KeyValuePairOfstringstring>
    <KeyValuePairOfstringstring>
      <d2p1:key>adx_useattributedescriptionproperty</d2p1:key>
      <d2p1:value>No</d2p1:value>
    </KeyValuePairOfstringstring>
  </FormattedValues>
  <Id>f2b6ed63-39ee-ec11-bb3d-000d3a592bc8</Id>
  <KeyAttributes xmlns:d2p1="http://schemas.microsoft.com/xrm/7.1/Contracts" xmlns:d2p2="http://schemas.datacontract.org/2004/07/System.Collections.Generic" />
  <LogicalName>adx_webformmetadata</LogicalName>
  <RelatedEntities xmlns:d2p1="http://schemas.datacontract.org/2004/07/System.Collections.Generic" />
  <RowVersion>19179637</RowVersion>
</Entity>