<ImportExportXml version="9.2.22104.224" SolutionPackageVersion="9.2" languagecode="1033" generatedBy="CrmLive" xmlns:xsi="http://www.w3.org/2001/XMLSchema-instance">
  <SolutionManifest>
    <UniqueName>PlunkettsBaseSolution</UniqueName>
    <LocalizedNames>
      <LocalizedName description="Plunketts Base Solution" languagecode="1033" />
    </LocalizedNames>
    <Descriptions />
    <Version>1.0.0.11</Version>
    <Managed>1</Managed>
    <Publisher>
      <UniqueName>Boyer_and_Assoc</UniqueName>
      <LocalizedNames>
        <LocalizedName description="Boyer and Assoc" languagecode="1033" />
      </LocalizedNames>
      <Descriptions />
      <EMailAddress xsi:nil="true"></EMailAddress>
      <SupportingWebsiteUrl xsi:nil="true"></SupportingWebsiteUrl>
      <CustomizationPrefix>bna</CustomizationPrefix>
      <CustomizationOptionValuePrefix>75909</CustomizationOptionValuePrefix>
      <Addresses>
        <Address>
          <AddressNumber>1</AddressNumber>
          <AddressTypeCode>1</AddressTypeCode>
          <City xsi:nil="true"></City>
          <County xsi:nil="true"></County>
          <Country xsi:nil="true"></Country>
          <Fax xsi:nil="true"></Fax>
          <FreightTermsCode xsi:nil="true"></FreightTermsCode>
          <ImportSequenceNumber xsi:nil="true"></ImportSequenceNumber>
          <Latitude xsi:nil="true"></Latitude>
          <Line1 xsi:nil="true"></Line1>
          <Line2 xsi:nil="true"></Line2>
          <Line3 xsi:nil="true"></Line3>
          <Longitude xsi:nil="true"></Longitude>
          <Name xsi:nil="true"></Name>
          <PostalCode xsi:nil="true"></PostalCode>
          <PostOfficeBox xsi:nil="true"></PostOfficeBox>
          <PrimaryContactName xsi:nil="true"></PrimaryContactName>
          <ShippingMethodCode>1</ShippingMethodCode>
          <StateOrProvince xsi:nil="true"></StateOrProvince>
          <Telephone1 xsi:nil="true"></Telephone1>
          <Telephone2 xsi:nil="true"></Telephone2>
          <Telephone3 xsi:nil="true"></Telephone3>
          <TimeZoneRuleVersionNumber xsi:nil="true"></TimeZoneRuleVersionNumber>
          <UPSZone xsi:nil="true"></UPSZone>
          <UTCOffset xsi:nil="true"></UTCOffset>
          <UTCConversionTimeZoneCode xsi:nil="true"></UTCConversionTimeZoneCode>
        </Address>
        <Address>
          <AddressNumber>2</AddressNumber>
          <AddressTypeCode>1</AddressTypeCode>
          <City xsi:nil="true"></City>
          <County xsi:nil="true"></County>
          <Country xsi:nil="true"></Country>
          <Fax xsi:nil="true"></Fax>
          <FreightTermsCode xsi:nil="true"></FreightTermsCode>
          <ImportSequenceNumber xsi:nil="true"></ImportSequenceNumber>
          <Latitude xsi:nil="true"></Latitude>
          <Line1 xsi:nil="true"></Line1>
          <Line2 xsi:nil="true"></Line2>
          <Line3 xsi:nil="true"></Line3>
          <Longitude xsi:nil="true"></Longitude>
          <Name xsi:nil="true"></Name>
          <PostalCode xsi:nil="true"></PostalCode>
          <PostOfficeBox xsi:nil="true"></PostOfficeBox>
          <PrimaryContactName xsi:nil="true"></PrimaryContactName>
          <ShippingMethodCode>1</ShippingMethodCode>
          <StateOrProvince xsi:nil="true"></StateOrProvince>
          <Telephone1 xsi:nil="true"></Telephone1>
          <Telephone2 xsi:nil="true"></Telephone2>
          <Telephone3 xsi:nil="true"></Telephone3>
          <TimeZoneRuleVersionNumber xsi:nil="true"></TimeZoneRuleVersionNumber>
          <UPSZone xsi:nil="true"></UPSZone>
          <UTCOffset xsi:nil="true"></UTCOffset>
          <UTCConversionTimeZoneCode xsi:nil="true"></UTCConversionTimeZoneCode>
        </Address>
      </Addresses>
    </Publisher>
    <RootComponents>
      <RootComponent type="1" schemaName="bna_accident" behavior="0" />
      <RootComponent type="1" schemaName="bna_accidentinjury" behavior="0" />
      <RootComponent type="1" schemaName="bna_accidentothervehicle" behavior="0" />
      <RootComponent type="1" schemaName="bna_assignment" behavior="0" />
      <RootComponent type="1" schemaName="bna_bedconfiguration" behavior="0" />
      <RootComponent type="1" schemaName="bna_buyer" behavior="0" />
      <RootComponent type="1" schemaName="bna_dealership" behavior="0" />
      <RootComponent type="1" schemaName="bna_decalinstaller" behavior="0" />
      <RootComponent type="1" schemaName="bna_detailer" behavior="0" />
      <RootComponent type="1" schemaName="bna_driver" behavior="0" />
      <RootComponent type="1" schemaName="bna_drivercomplaints" behavior="0" />
      <RootComponent type="1" schemaName="bna_intake" behavior="0" />
      <RootComponent type="1" schemaName="bna_licensetype" behavior="0" />
      <RootComponent type="1" schemaName="bna_licensing" behavior="0" />
      <RootComponent type="1" schemaName="bna_location" behavior="0" />
      <RootComponent type="1" schemaName="bna_maintenancehistory" behavior="0" />
      <RootComponent type="1" schemaName="bna_maintenanceschedule" behavior="0" />
      <RootComponent type="1" schemaName="bna_maintenancetypes" behavior="0" />
      <RootComponent type="1" schemaName="bna_repairshop" behavior="0" />
      <RootComponent type="1" schemaName="bna_serviceschedulesetup" behavior="0" />
      <RootComponent type="1" schemaName="bna_sprayerconfiguration" behavior="0" />
      <RootComponent type="1" schemaName="bna_state" behavior="0" />
      <RootComponent type="1" schemaName="bna_transportcompany" behavior="0" />
      <RootComponent type="1" schemaName="bna_upfittinginstaller" behavior="0" />
      <RootComponent type="1" schemaName="bna_vehicle" behavior="0" />
      <RootComponent type="1" schemaName="bna_vehiclehistory" behavior="0" />
      <RootComponent type="1" schemaName="bna_vehiclemake" behavior="0" />
      <RootComponent type="1" schemaName="bna_vehiclemodel" behavior="0" />
      <RootComponent type="1" schemaName="bna_vehiclesource" behavior="0" />
      <RootComponent type="1" schemaName="bna_witness" behavior="0" />
      <RootComponent type="1" schemaName="new_accidentbpf" behavior="0" />
      <RootComponent type="1" schemaName="new_selling" behavior="0" />
      <RootComponent type="9" schemaName="bna_accidenttype" behavior="0" />
      <RootComponent type="9" schemaName="bna_branding" behavior="0" />
      <RootComponent type="9" schemaName="bna_branding2" behavior="0" />
      <RootComponent type="9" schemaName="bna_category" behavior="0" />
      <RootComponent type="9" schemaName="bna_depreciationmethod" behavior="0" />
      <RootComponent type="9" schemaName="bna_directionoftravel" behavior="0" />
      <RootComponent type="9" schemaName="bna_drivetrain" behavior="0" />
      <RootComponent type="9" schemaName="bna_finaloutcome" behavior="0" />
      <RootComponent type="9" schemaName="bna_licensetype" behavior="0" />
      <RootComponent type="9" schemaName="bna_ownedorleased" behavior="0" />
      <RootComponent type="9" schemaName="bna_preaccidentactionsmaneuvers" behavior="0" />
      <RootComponent type="9" schemaName="bna_propertytaxpaid" behavior="0" />
      <RootComponent type="9" schemaName="bna_reelwinduptype" behavior="0" />
      <RootComponent type="9" schemaName="bna_roadsurface" behavior="0" />
      <RootComponent type="9" schemaName="bna_roadwork" behavior="0" />
      <RootComponent type="9" schemaName="bna_serviceaddecal" behavior="0" />
      <RootComponent type="9" schemaName="bna_serviceaddecals" behavior="0" />
      <RootComponent type="9" schemaName="bna_spare" behavior="0" />
      <RootComponent type="9" schemaName="bna_sprayerremoved" behavior="0" />
      <RootComponent type="9" schemaName="bna_trailerconfiguration" behavior="0" />
      <RootComponent type="9" schemaName="bna_vehicledrivetrain" behavior="0" />
      <RootComponent type="9" schemaName="bna_vehiclesource" behavior="0" />
      <RootComponent type="9" schemaName="bna_vehiclesourcetype" behavior="0" />
      <RootComponent type="9" schemaName="bna_vehicletype" behavior="0" />
      <RootComponent type="9" schemaName="bna_vehicletypes" behavior="0" />
      <RootComponent type="20" id="{9b0d2361-33bb-ec11-983f-00224805c94e}" behavior="0" />
      <RootComponent type="29" id="{1c146678-5cb0-ec11-9840-000d3a37727b}" behavior="0" />
      <RootComponent type="29" id="{2be16eff-71d1-44bc-bb9c-c5ec22faad08}" behavior="0" />
      <RootComponent type="29" id="{7aaa7b99-bbd2-ec11-a7b5-000d3a375574}" behavior="0" />
      <RootComponent type="29" id="{7c633e72-d5db-ec11-a7b6-0022480adc77}" behavior="0" />
      <RootComponent type="29" id="{7fd41747-17bf-ec11-983e-0022480ab9f6}" behavior="0" />
      <RootComponent type="29" id="{8d391866-d9aa-ec11-983f-0022480b7cc3}" behavior="0" />
      <RootComponent type="29" id="{9f9cc0ba-e522-ed11-b83e-00224805b148}" behavior="0" />
      <RootComponent type="29" id="{ad8e404b-d6db-ec11-a7b6-6045bd004af3}" behavior="0" />
      <RootComponent type="29" id="{adcd59e6-23d5-ec11-a7b5-000d3a363f22}" behavior="0" />
      <RootComponent type="29" id="{addf8389-bd6a-4055-9696-db0c9c20c4e4}" behavior="0" />
      <RootComponent type="29" id="{d8af24da-5efd-ec11-82e5-000d3a329a74}" behavior="0" />
      <RootComponent type="29" id="{e068001c-bdd2-ec11-a7b5-000d3a375574}" behavior="0" />
      <RootComponent type="29" id="{e728d86a-d6db-ec11-a7b6-0022480adc77}" behavior="0" />
      <RootComponent type="29" id="{ed2155c9-daaa-ec11-983f-0022480b7cc3}" behavior="0" />
      <RootComponent type="29" id="{eff1543e-7fff-ec11-82e4-00224806c21b}" behavior="0" />
      <RootComponent type="60" id="{58b57440-5ed0-ec11-a7b5-000d3a37560c}" behavior="0" />
      <RootComponent type="61" schemaName="bna_accidenticon" behavior="0" />
      <RootComponent type="61" schemaName="bna_Accidentinjuryicon" behavior="0" />
      <RootComponent type="61" schemaName="bna_bedconfgicon" behavior="0" />
      <RootComponent type="61" schemaName="bna_decalicon" behavior="0" />
      <RootComponent type="61" schemaName="bna_detailericon" behavior="0" />
      <RootComponent type="61" schemaName="bna_drivecomplainticon" behavior="0" />
      <RootComponent type="61" schemaName="bna_drivericon" behavior="0" />
      <RootComponent type="61" schemaName="bna_locationicon" behavior="0" />
      <RootComponent type="61" schemaName="bna_maintenaceicon" behavior="0" />
      <RootComponent type="61" schemaName="bna_MaintenanceHistoryicon" behavior="0" />
      <RootComponent type="61" schemaName="bna_mainttypeicon" behavior="0" />
      <RootComponent type="61" schemaName="bna_Repairshopicon" behavior="0" />
      <RootComponent type="61" schemaName="bna_servicescheduleicon" behavior="0" />
      <RootComponent type="61" schemaName="bna_SetStatusOfVehicle" behavior="0" />
      <RootComponent type="61" schemaName="bna_sprayericon" behavior="0" />
      <RootComponent type="61" schemaName="bna_stateicon" behavior="0" />
      <RootComponent type="61" schemaName="bna_uplifticon" behavior="0" />
      <RootComponent type="61" schemaName="bna_Vehicleicon" behavior="0" />
      <RootComponent type="61" schemaName="bna_vehiclemakeicon" behavior="0" />
      <RootComponent type="61" schemaName="bna_vehiclemodelicon" behavior="0" />
      <RootComponent type="61" schemaName="bna_Witnessicon" behavior="0" />
      <RootComponent type="62" schemaName="bna_Plunkett" behavior="0" />
      <RootComponent type="80" schemaName="bna_Plunkett" behavior="0" />
    </RootComponents>
    <MissingDependencies>
      <MissingDependency>
        <Required type="1" schemaName="incident" displayName="Case" solution="msdynce_Service (9.0.5.56)">
          <package>msdynce_ServiceAnchor (9.0.22103.1008)</package>
        </Required>
        <Dependent type="80" schemaName="bna_Plunkett" displayName="Plunkett" />
      </MissingDependency>
      <MissingDependency>
        <Required type="1" schemaName="msdyn_iotalert" displayName="IoT Alert" solution="IoTConnector (1.8.9.7)">
          <package>msdynce_ServiceAnchor (9.0.22103.1008)</package>
        </Required>
        <Dependent type="80" schemaName="bna_Plunkett" displayName="Plunkett" />
      </MissingDependency>
      <MissingDependency>
        <Required type="61" schemaName="msdyn_/Images/AppModule_Default_Icon.png" displayName="msdyn_/Images/AppModule_Default_Icon.png" solution="AppModuleWebResources (2.5)" />
        <Dependent type="80" schemaName="bna_Plunkett" displayName="Plunkett" />
      </MissingDependency>
      <MissingDependency>
        <Required type="66" schemaName="MscrmControls.FieldControls.ToggleControl" displayName="MscrmControls.FieldControls.ToggleControl" solution="BaseCustomControlsCore (9.0.2210.4014)" />
        <Dependent type="60" displayName="Information" parentDisplayName="Vehicle " id="{68fb719e-c0a6-4743-84dd-c2f513929568}" />
      </MissingDependency>
      <MissingDependency>
        <Required type="66" schemaName="MscrmControls.RichTextEditor.RichTextEditorControl" displayName="MscrmControls.RichTextEditor.RichTextEditorControl" solution="msdyn_RichTextEditor (1.0.0.2017)" />
        <Dependent type="60" displayName="Information" parentDisplayName="Accident" id="{5e41cb71-00e8-4227-812e-5b30d53ba1e2}" />
      </MissingDependency>
      <MissingDependency>
        <Required type="66" schemaName="MscrmControls.RichTextEditor.RichTextEditorControl" displayName="MscrmControls.RichTextEditor.RichTextEditorControl" solution="msdyn_RichTextEditor (1.0.0.2017)" />
        <Dependent type="60" displayName="Crash On Scene Portal Form" parentDisplayName="Accident" id="{62aeac8c-c0d2-ec11-a7b5-000d3a37560c}" />
      </MissingDependency>
    </MissingDependencies>
  </SolutionManifest>
</ImportExportXml>