{
  "SelectedSettingsIndex": 4,
  "SettingsList": [
    {
      "ProfileName": "",
      "Id": "4409bc89-ae79-4a1d-a5b6-04a7a57deaae",
      "DisplayName": ""
    },
    {
      "ProfileName": "",
      "Id": "55bec11a-7d58-40af-ab36-c3e9a48c8f7e",
      "DisplayName": ""
    },
    {
      "ProfileName": "",
      "Id": "730a79b9-1d5c-4620-9e7b-8dc1e8fb6f93",
      "DisplayName": ""
    },
    {
      "ProfileName": "",
      "Id": "7beb10e9-45f6-40dc-88eb-0573452eb6d9",
      "DisplayName": ""
    },
    {
      "ProfileName": "",
      "Id": "d9dd4fbf-a53e-47fd-a48c-2f08383ebd25",
      "DisplayName": ""
    }
  ]
}