{"name":"2426362f-32ae-4dff-8d1d-89550d1998e1","id":"/providers/Microsoft.Flow/flows/2426362f-32ae-4dff-8d1d-89550d1998e1","type":"Microsoft.Flow/flows","properties":{"apiId":"/providers/Microsoft.PowerApps/apis/shared_logicflows","displayName":"Create Folder A To Z  | Sharepoint ","definition":{"$schema":"https://schema.management.azure.com/providers/Microsoft.Logic/schemas/2016-06-01/workflowdefinition.json#","contentVersion":"1.0.0.0","parameters":{"$connections":{"defaultValue":{},"type":"Object"},"$authentication":{"defaultValue":{},"type":"SecureObject"}},"triggers":{"manual":{"metadata":{"operationMetadataId":"76795a8b-0eaf-4a07-ab8c-0e4834953498"},"type":"Request","kind":"Http","inputs":{"schema":{"type":"object","properties":{"accountid":{"type":"string"},"accountfullname":{"type":"string"},"accountfirstletter":{"type":"string"},"navid":{"type":"string"}}},"method":"PUT"}}},"actions":{"Check_if_the_account_name's_first_letter_is_integer":{"runAfter":{"SharePoint_Query":["Succeeded"]},"metadata":{"operationMetadataId":"b481e808-50d6-4618-86ce-3d17f46cb008"},"type":"InitializeVariable","inputs":{"variables":[{"name":"IsInteger","type":"boolean","value":"@isInt(triggerBody()?['accountfirstletter'])"}]}},"Condition_for_alphabet_or_integer_or_specialcharacter":{"actions":{"Set_filterquery_variable":{"runAfter":{},"metadata":{"operationMetadataId":"45b1845b-58fc-4ce3-976a-91ebb575c8fd"},"type":"SetVariable","inputs":{"name":"filterquery","value":"Title eq '0-9'"}}},"runAfter":{"Special_Character_Array":["Succeeded"]},"else":{"actions":{"Condition_2":{"actions":{"Set_filterquery_variable_3":{"runAfter":{},"metadata":{"operationMetadataId":"0e3cc94a-2dbb-46e5-aae5-9b6396e5eae2"},"type":"SetVariable","inputs":{"name":"filterquery","value":"Title eq 'Ä-Ž'"}},"List_folder":{"runAfter":{"Set_filterquery_variable_3":["Succeeded"]},"metadata":{"%252fShared%2bDocuments":"/Shared Documents","operationMetadataId":"12158b27-5337-44f3-ad7d-d658aefb0986"},"type":"OpenApiConnection","inputs":{"host":{"connectionName":"shared_sharepointonline","operationId":"ListFolder","apiId":"/providers/Microsoft.PowerApps/apis/shared_sharepointonline"},"parameters":{"dataset":"https://eqsgroup365.sharepoint.com/sites/EQSGroupClients","id":"%252fShared%2bDocuments"},"authentication":"@parameters('$authentication')"}},"Apply_to_each_5":{"foreach":"@body('List_folder')","actions":{"Condition_3":{"actions":{"parent_2":{"runAfter":{"Create_new_folder_4":["Succeeded"]},"metadata":{"operationMetadataId":"6949f933-0ef4-46c2-b8d4-929a0b4842c2"},"type":"SetVariable","inputs":{"name":"parentfolder","value":"@{replace(outputs('Create_new_folder_4')?['body/{FullPath}'], 'Shared Documents/', '')}"}},"Set_variable_2":{"runAfter":{"parent_2":["Succeeded"]},"metadata":{"operationMetadataId":"105c1366-eb09-4914-9e26-71e11f01d9f4"},"type":"SetVariable","inputs":{"name":"FolderURL","value":"@outputs('Create_new_folder_4')?['body/{Link}']"}},"Apply_to_each_6":{"foreach":"@variables('folderstructure')","actions":{"Create_new_folder_5":{"runAfter":{},"metadata":{"operationMetadataId":"d4845301-99ee-4338-bbb1-70079da010d8"},"type":"OpenApiConnection","inputs":{"host":{"connectionName":"shared_sharepointonline","operationId":"CreateNewFolder","apiId":"/providers/Microsoft.PowerApps/apis/shared_sharepointonline"},"parameters":{"dataset":"https://eqsgroup365.sharepoint.com/sites/EQSGroupClients","table":"11fefa6d-1044-4532-9cfa-d92552e63d6f","parameters/path":"/@{variables('parentfolder')}/@{items('Apply_to_each_6')}"},"authentication":"@parameters('$authentication')"}},"Condition_4":{"actions":{"Apply_to_each_7":{"foreach":"@variables('Data Privacy')","actions":{"Create_new_folder_6":{"runAfter":{},"metadata":{"operationMetadataId":"eccc17c1-563a-495d-8e15-c542ea2e779c"},"type":"OpenApiConnection","inputs":{"host":{"connectionName":"shared_sharepointonline_1","operationId":"CreateNewFolder","apiId":"/providers/Microsoft.PowerApps/apis/shared_sharepointonline"},"parameters":{"dataset":"https://eqsgroup365.sharepoint.com/sites/EQSGroupClients","table":"11fefa6d-1044-4532-9cfa-d92552e63d6f","parameters/path":"/Ä-Ž/@{variables('accountname')}/@{items('Apply_to_each_6')}/@{items('Apply_to_each_7')}"},"authentication":"@parameters('$authentication')"}},"Run_a_Child_Flow_4":{"runAfter":{"Create_new_folder_6":["Succeeded"]},"metadata":{"operationMetadataId":"1c19ef9e-9af1-47f8-a0b5-922593de4a52"},"type":"Workflow","inputs":{"host":{"workflowReferenceName":"71f2e849-45c2-ed11-83ff-000d3ad9b1cd"},"body":{"Name":"@outputs('Create_new_folder_6')?['body/{Name}']","ID":"@outputs('Create_new_folder_6')?['body/ID']"}}}},"runAfter":{},"metadata":{"operationMetadataId":"2525bc24-865f-4dff-a16e-632cd689ca9f"},"type":"Foreach"}},"runAfter":{"Run_a_Child_Flow_3":["Succeeded"]},"expression":{"equals":["@items('Apply_to_each_6')","Data Privacy and Information Security"]},"metadata":{"operationMetadataId":"acdcb5e7-6b00-4b22-8d71-3f1787f4aa7a"},"type":"If"},"Run_a_Child_Flow_3":{"runAfter":{"Create_new_folder_5":["Succeeded"]},"metadata":{"operationMetadataId":"814fb3f4-2c5b-42c5-aac5-e47700608dc7"},"type":"Workflow","inputs":{"host":{"workflowReferenceName":"71f2e849-45c2-ed11-83ff-000d3ad9b1cd"},"body":{"Name":"@outputs('Create_new_folder_5')?['body/{Name}']","ID":"@outputs('Create_new_folder_5')?['body/ID']"}}}},"runAfter":{"Set_variable_2":["Succeeded"]},"metadata":{"operationMetadataId":"7f772125-6df7-4577-9b9f-6aedb23c7933"},"type":"Foreach"},"Create_new_folder_4":{"runAfter":{},"metadata":{"operationMetadataId":"801f07bc-c322-487f-95ba-4f5a62031a37"},"type":"OpenApiConnection","inputs":{"host":{"connectionName":"shared_sharepointonline","operationId":"CreateNewFolder","apiId":"/providers/Microsoft.PowerApps/apis/shared_sharepointonline"},"parameters":{"dataset":"https://eqsgroup365.sharepoint.com/sites/EQSGroupClients","table":"11fefa6d-1044-4532-9cfa-d92552e63d6f","parameters/path":"/@{item()?['Name']}/@{variables('accountname')}/"},"authentication":"@parameters('$authentication')"}}},"runAfter":{},"expression":{"equals":["@item()?['Name']","Ä-Ž"]},"metadata":{"operationMetadataId":"16cf7cab-8a38-4ec8-a9ae-e0df975f9590"},"type":"If"}},"runAfter":{"List_folder":["Succeeded"]},"metadata":{"operationMetadataId":"3c957db5-46a9-4cb0-be9b-a6b3719cf052"},"type":"Foreach"}},"runAfter":{},"else":{"actions":{"Set_filterquery_variable_2":{"runAfter":{},"metadata":{"operationMetadataId":"0e3cc94a-2dbb-46e5-aae5-9b6396e5eae2"},"type":"SetVariable","inputs":{"name":"filterquery","value":"Title eq '@{triggerBody()?['accountfirstletter']}'"}}}},"expression":{"not":{"contains":["@variables('specialcharacter')","@triggerBody()?['accountfirstletter']"]}},"metadata":{"operationMetadataId":"5a143a0d-e0de-40c5-ad9d-65261ab02a84"},"type":"If"}}},"expression":{"equals":["@variables('IsInteger')","@true"]},"metadata":{"operationMetadataId":"ac9b2b2b-5098-4bc7-8c73-fd944ff0cc76"},"type":"If"},"Folder_URL":{"runAfter":{},"metadata":{"operationMetadataId":"276292de-8988-4aa9-a485-12dd27dd64a8"},"type":"InitializeVariable","inputs":{"variables":[{"name":"FolderURL","type":"string"}]}},"Account_Name":{"runAfter":{"Folder_URL":["Succeeded"]},"metadata":{"operationMetadataId":"400b0cbe-f12c-4696-ab01-e49af884a7a0"},"type":"InitializeVariable","inputs":{"variables":[{"name":"accountname","type":"string","value":"@{triggerBody()?['accountfullname']}@{if(empty(triggerBody()?['navid']),null,concat(' - ',triggerBody()?['navid']))}"}]}},"New_Folder_Structure":{"runAfter":{"Account_Name":["Succeeded"]},"metadata":{"operationMetadataId":"afee2635-b5ac-42f8-82e1-ff542c712a32"},"type":"InitializeVariable","inputs":{"variables":[{"name":"folderstructure","type":"array","value":["Inventory Agreements","Proposals","Contracts","Implementation","Client Relationship","Data Privacy and Information Security"]}]}},"Data_Privacy":{"runAfter":{"New_Folder_Structure":["Succeeded"]},"metadata":{"operationMetadataId":"6dfe52c1-8fba-4663-9203-614b1a0d6d37"},"type":"InitializeVariable","inputs":{"variables":[{"name":"Data Privacy","type":"array","value":["Data Protection","Pen Test","Security Assessment"]}]}},"Parent_Folder":{"runAfter":{"Data_Privacy":["Succeeded"]},"metadata":{"operationMetadataId":"7bc0f72c-23b3-4d38-a149-5d7bdc9178b8"},"type":"InitializeVariable","inputs":{"variables":[{"name":"parentfolder","type":"string"}]}},"Update_Account":{"runAfter":{"Apply_to_each":["Succeeded"]},"metadata":{"operationMetadataId":"834834eb-57ae-4642-b01a-7561965e0fa9"},"type":"OpenApiConnection","inputs":{"host":{"connectionName":"shared_commondataserviceforapps","operationId":"UpdateRecord","apiId":"/providers/Microsoft.PowerApps/apis/shared_commondataserviceforapps"},"parameters":{"entityName":"accounts","recordId":"@triggerBody()?['accountid']","item/ss_accountfolderurl":"@variables('FolderURL')"},"authentication":"@parameters('$authentication')"}},"Apply_to_each":{"foreach":"@body('Filter_array')","actions":{"Apply_to_each_2":{"foreach":"@variables('folderstructure')","actions":{"Apply_to_each_4":{"foreach":"@outputs('Get_files_(properties_only)')?['body/value']","actions":{"Create_new_folder":{"runAfter":{},"metadata":{"operationMetadataId":"801f07bc-c322-487f-95ba-4f5a62031a37"},"type":"OpenApiConnection","inputs":{"host":{"connectionName":"shared_sharepointonline","operationId":"CreateNewFolder","apiId":"/providers/Microsoft.PowerApps/apis/shared_sharepointonline"},"parameters":{"dataset":"https://eqsgroup365.sharepoint.com/sites/EQSGroupClients","table":"11fefa6d-1044-4532-9cfa-d92552e63d6f","parameters/path":"/@{items('Apply_to_each_4')?['{Name}']}/@{variables('accountname')}/"},"authentication":"@parameters('$authentication')"}},"Condition":{"actions":{"Apply_to_each_3":{"foreach":"@variables('Data Privacy')","actions":{"Create_new_folder_2":{"runAfter":{},"metadata":{"operationMetadataId":"efdd0241-a009-4f50-8f91-fc58a7088cc2"},"type":"OpenApiConnection","inputs":{"host":{"connectionName":"shared_sharepointonline","operationId":"CreateNewFolder","apiId":"/providers/Microsoft.PowerApps/apis/shared_sharepointonline"},"parameters":{"dataset":"https://eqsgroup365.sharepoint.com/sites/EQSGroupClients","table":"11fefa6d-1044-4532-9cfa-d92552e63d6f","parameters/path":"/@{items('Apply_to_each_4')?['{Name}']}/@{variables('accountname')}/@{items('Apply_to_each_2')}/@{items('Apply_to_each_3')}"},"authentication":"@parameters('$authentication')"}},"Run_a_Child_Flow_2":{"runAfter":{"Create_new_folder_2":["Succeeded"]},"metadata":{"operationMetadataId":"53b45e6b-973a-4dc2-a008-c920126a727c"},"type":"Workflow","inputs":{"host":{"workflowReferenceName":"71f2e849-45c2-ed11-83ff-000d3ad9b1cd"},"body":{"Name":"@outputs('Create_new_folder_2')?['body/{Name}']","ID":"@outputs('Create_new_folder_2')?['body/ID']"}}}},"runAfter":{},"metadata":{"operationMetadataId":"2525bc24-865f-4dff-a16e-632cd689ca9f"},"type":"Foreach"}},"runAfter":{"Run_a_Child_Flow":["Succeeded"]},"expression":{"equals":["@items('Apply_to_each_2')","Data Privacy and Information Security"]},"metadata":{"operationMetadataId":"acdcb5e7-6b00-4b22-8d71-3f1787f4aa7a"},"type":"If"},"Set_variable":{"runAfter":{"parent":["Succeeded"]},"metadata":{"operationMetadataId":"105c1366-eb09-4914-9e26-71e11f01d9f4"},"type":"SetVariable","inputs":{"name":"FolderURL","value":"@outputs('Create_new_folder')?['body/{Link}']"}},"Create_new_folder_3":{"runAfter":{"Set_variable":["Succeeded"]},"metadata":{"operationMetadataId":"d4845301-99ee-4338-bbb1-70079da010d8"},"type":"OpenApiConnection","inputs":{"host":{"connectionName":"shared_sharepointonline","operationId":"CreateNewFolder","apiId":"/providers/Microsoft.PowerApps/apis/shared_sharepointonline"},"parameters":{"dataset":"https://eqsgroup365.sharepoint.com/sites/EQSGroupClients","table":"11fefa6d-1044-4532-9cfa-d92552e63d6f","parameters/path":"/@{variables('parentfolder')}/@{items('Apply_to_each_2')}"},"authentication":"@parameters('$authentication')"}},"parent":{"runAfter":{"Create_new_folder":["Succeeded"]},"metadata":{"operationMetadataId":"6949f933-0ef4-46c2-b8d4-929a0b4842c2"},"type":"SetVariable","inputs":{"name":"parentfolder","value":"@{replace(outputs('Create_new_folder')?['body/{FullPath}'], 'Shared Documents/', '') }"}},"Run_a_Child_Flow":{"runAfter":{"Create_new_folder_3":["Succeeded"]},"metadata":{"operationMetadataId":"0a5cdea0-4201-48e4-aea4-a56daa080372"},"type":"Workflow","inputs":{"host":{"workflowReferenceName":"71f2e849-45c2-ed11-83ff-000d3ad9b1cd"},"body":{"Name":"@outputs('Create_new_folder_3')?['body/{Name}']","ID":"@outputs('Create_new_folder_3')?['body/ID']"}}}},"runAfter":{},"metadata":{"operationMetadataId":"1d10eaef-a203-4152-9d58-728ba77279c4"},"type":"Foreach"}},"runAfter":{},"metadata":{"operationMetadataId":"c94aba98-5759-4a69-9180-fad35ee4b294"},"type":"Foreach"}},"runAfter":{"Filter_array":["Succeeded"]},"metadata":{"operationMetadataId":"a5cffca9-4da5-4e9d-a82f-b0fd46d8442a"},"type":"Foreach"},"Filter_array":{"runAfter":{"Get_files_(properties_only)":["Succeeded"]},"metadata":{"operationMetadataId":"08b10e8d-0ca5-437b-8087-6de1cf192a9b"},"type":"Query","inputs":{"from":"@outputs('Get_files_(properties_only)')?['body/value']","where":"@equals(item()?['{IsFolder}'], true)"}},"Get_files_(properties_only)":{"runAfter":{"Condition_for_alphabet_or_integer_or_specialcharacter":["Succeeded"]},"metadata":{"operationMetadataId":"d63c7434-d84d-42ea-834c-d07ade573f8e"},"type":"OpenApiConnection","inputs":{"host":{"connectionName":"shared_sharepointonline","operationId":"GetFileItems","apiId":"/providers/Microsoft.PowerApps/apis/shared_sharepointonline"},"parameters":{"dataset":"https://eqsgroup365.sharepoint.com/sites/EQSGroupClients","table":"11fefa6d-1044-4532-9cfa-d92552e63d6f","viewScopeOption":"Default","$filter":"@variables('filterquery')"},"authentication":"@parameters('$authentication')"}},"SharePoint_Query":{"runAfter":{"Parent_Folder":["Succeeded"]},"metadata":{"operationMetadataId":"435a6356-251f-4e76-bf04-c4b804c04031"},"type":"InitializeVariable","inputs":{"variables":[{"name":"filterquery","type":"string"}]}},"Special_Character_Array":{"runAfter":{"Check_if_the_account_name's_first_letter_is_integer":["Succeeded"]},"metadata":{"operationMetadataId":"9318e143-15b9-4e44-9697-d4cad8281394"},"type":"InitializeVariable","inputs":{"variables":[{"name":"specialcharacter","type":"array","value":"@createArray('A','B','C','D','E','F','G','H','I','J','K','L','M','N','O','P','Q','R','S','T','U','V','W','X','Y','Z','a','b','c','d','e','f','g','h','i','j','k','l','m','n','o','p','q','r','s','t','u','v','w','x','y','z')"}]}}},"outputs":{}},"connectionReferences":{"shared_sharepointonline":{"connectionName":"shared-sharepointonl-15b7eee0-1e12-4016-a8e1-c3db9c9f72b4","source":"Embedded","id":"/providers/Microsoft.PowerApps/apis/shared_sharepointonline","tier":"NotSpecified"},"shared_sharepointonline_1":{"connectionName":"shared-sharepointonl-3d4aaac2-57df-4ec4-86d7-b01aea6c9401","source":"Embedded","id":"/providers/Microsoft.PowerApps/apis/shared_sharepointonline","tier":"NotSpecified"},"shared_commondataserviceforapps":{"connectionName":"shared-commondataser-124f2703-567e-469f-b265-792f3f04b546","source":"Embedded","id":"/providers/Microsoft.PowerApps/apis/shared_commondataserviceforapps","tier":"NotSpecified"}},"flowFailureAlertSubscribed":false,"isManaged":false}}