{"name":"e8fa109e-9637-47b9-9443-de6fb88ecf7d","id":"/providers/Microsoft.Flow/flows/e8fa109e-9637-47b9-9443-de6fb88ecf7d","type":"Microsoft.Flow/flows","properties":{"apiId":"/providers/Microsoft.PowerApps/apis/shared_logicflows","displayName":"Send Tabs Email To Driver Updated","definition":{"$schema":"https://schema.management.azure.com/providers/Microsoft.Logic/schemas/2016-06-01/workflowdefinition.json#","contentVersion":"1.0.0.0","parameters":{"$connections":{"defaultValue":{},"type":"Object"},"$authentication":{"defaultValue":{},"type":"SecureObject"}},"triggers":{"Vehicle_Record_is_Updated":{"metadata":{"operationMetadataId":"4b179f44-7104-43dd-bbf6-f8882b6aea4d"},"type":"OpenApiConnectionWebhook","inputs":{"host":{"connectionName":"shared_commondataserviceforapps_1","operationId":"SubscribeWebhookTrigger","apiId":"/providers/Microsoft.PowerApps/apis/shared_commondataserviceforapps"},"parameters":{"subscriptionRequest/message":3,"subscriptionRequest/entityname":"bna_vehicle","subscriptionRequest/scope":4,"subscriptionRequest/filteringattributes":"bna_sendtabstodriver"},"authentication":"@parameters('$authentication')"}}},"actions":{"Condition":{"actions":{"Get_Driver":{"runAfter":{},"metadata":{"operationMetadataId":"5ba64898-95bc-4cd5-a355-a9b8b58bdc2f"},"type":"OpenApiConnection","inputs":{"host":{"connectionName":"shared_commondataserviceforapps_1","operationId":"GetItem","apiId":"/providers/Microsoft.PowerApps/apis/shared_commondataserviceforapps"},"parameters":{"entityName":"bna_drivers","recordId":"@triggerOutputs()?['body/_bna_assignname_value']","$select":"bna_driveremail,bna_drivername,_bna_supervisor_value"},"authentication":"@parameters('$authentication')"}},"Delay":{"runAfter":{"Send_an_email_(V2)":["Succeeded"]},"metadata":{"operationMetadataId":"c34c580d-bbf3-4895-9946-3cc2244f45bb"},"type":"Wait","inputs":{"interval":{"count":1,"unit":"Week"}}},"Send_an_email_(V2)":{"runAfter":{"Check_if_supervisor_exists_against_driver":["Succeeded"]},"metadata":{"operationMetadataId":"c6dc944f-d185-4cda-acd5-b50921329238"},"type":"OpenApiConnection","inputs":{"host":{"connectionName":"shared_office365_1","operationId":"SendEmailV2","apiId":"/providers/Microsoft.PowerApps/apis/shared_office365"},"parameters":{"emailMessage/To":"@{outputs('Get_Driver')?['body/bna_driveremail']};","emailMessage/Subject":"Tabs For Your Vehicle","emailMessage/Body":"<p>Dear @{outputs('Get_Driver')?['body/bna_drivername']},<br>\nWe have sent you new tabs for your vehicle. Please look for them in the mail in the next week.<br>\n<br>\nThanks ! :)</p>","emailMessage/Cc":"@variables('Driver Supervisor Email')","emailMessage/Importance":"Normal"},"authentication":"@parameters('$authentication')"}},"Check_if_supervisor_exists_against_driver":{"actions":{"Get_supervisor_Email":{"runAfter":{},"metadata":{"operationMetadataId":"3269520d-59c2-44d9-b373-658f9dd29cc3"},"type":"OpenApiConnection","inputs":{"host":{"connectionName":"shared_commondataserviceforapps_1","operationId":"GetItem","apiId":"/providers/Microsoft.PowerApps/apis/shared_commondataserviceforapps"},"parameters":{"entityName":"bna_drivers","recordId":"@outputs('Get_Driver')?['body/_bna_supervisor_value']","$select":"bna_driveremail"},"authentication":"@parameters('$authentication')"}},"If_driver_supervisor_email_is_not_empty":{"actions":{"Set_variable_to_supervisor_email":{"runAfter":{},"metadata":{"operationMetadataId":"deae4456-de0f-4622-b234-4c72f41e1678"},"type":"SetVariable","inputs":{"name":"Driver Supervisor Email","value":"@outputs('Get_supervisor_Email')?['body/bna_driveremail']"}}},"runAfter":{"Get_supervisor_Email":["Succeeded"]},"expression":{"not":{"equals":["@outputs('Get_supervisor_Email')?['body/bna_driveremail']","@null"]}},"metadata":{"operationMetadataId":"ffcd536c-23f7-4415-8b35-95ea03f6324a"},"type":"If"}},"runAfter":{"Get_Driver":["Succeeded"]},"expression":{"not":{"equals":["@outputs('Get_Driver')?['body/_bna_supervisor_value']","@null"]}},"metadata":{"operationMetadataId":"0cb9b509-aa51-4dd3-a8e6-ad37842fad9f"},"type":"If"},"Send_email_with_options":{"runAfter":{"Delay":["Succeeded"]},"metadata":{"operationMetadataId":"44cc94f5-f88d-4291-a254-93345a00b248"},"type":"OpenApiConnectionWebhook","inputs":{"host":{"connectionName":"shared_office365_1","operationId":"SendMailWithOptions","apiId":"/providers/Microsoft.PowerApps/apis/shared_office365"},"parameters":{"optionsEmailSubscription/Message/To":"@outputs('Get_Driver')?['body/bna_driveremail']","optionsEmailSubscription/Message/Subject":"License Plate","optionsEmailSubscription/Message/Options":"Yes, No","optionsEmailSubscription/Message/Body":"Please click the yes button below if you have attached the registration stickers on the license plate of the vehicle","optionsEmailSubscription/Message/Importance":"Normal","optionsEmailSubscription/Message/HideHTMLMessage":true,"optionsEmailSubscription/Message/ShowHTMLConfirmationDialog":false},"authentication":"@parameters('$authentication')"}},"Set_variable":{"runAfter":{"Send_email_with_options":["Succeeded"]},"metadata":{"operationMetadataId":"a57a86cc-39ff-4583-8adc-28a69c457d07"},"type":"SetVariable","inputs":{"name":"Approval Response","value":"@outputs('Send_email_with_options')?['body/SelectedOption']"}},"Delay_4":{"runAfter":{"Delay":["Succeeded"]},"metadata":{"operationMetadataId":"9d018329-0935-4f51-9e04-d606e7e7d8ef"},"type":"Wait","inputs":{"interval":{"count":7,"unit":"Day"}}},"Condition_2":{"actions":{"Update_Vehicle_Field":{"runAfter":{},"metadata":{"operationMetadataId":"65eb3b3b-a0a1-4dd9-b9b4-2762619da7d3"},"type":"OpenApiConnection","inputs":{"host":{"connectionName":"shared_commondataserviceforapps_1","operationId":"UpdateRecord","apiId":"/providers/Microsoft.PowerApps/apis/shared_commondataserviceforapps"},"parameters":{"entityName":"bna_vehicles","recordId":"@triggerOutputs()?['body/bna_vehicleid']","item/bna_tabsinstalled":true},"authentication":"@parameters('$authentication')"}}},"runAfter":{"Set_variable_2":["Succeeded"]},"else":{"actions":{"Terminate":{"runAfter":{},"metadata":{"operationMetadataId":"317f988b-cd1f-4126-bf14-29a839e3db87"},"type":"Terminate","inputs":{"runStatus":"Succeeded"}}}},"expression":{"equals":["@outputs('Send_email_with_options')?['body/SelectedOption']","Yes"]},"metadata":{"operationMetadataId":"f71a513b-c9ad-41bc-9175-00a604179b9e"},"type":"If"},"Terminate_2":{"runAfter":{"Condition_2":["Succeeded"],"Condition_3":["Succeeded"]},"metadata":{"operationMetadataId":"dfb6c04e-440e-4a77-94f8-be1efa106be4"},"type":"Terminate","inputs":{"runStatus":"Succeeded"}},"Set_variable_2":{"runAfter":{"Set_variable":["Succeeded"]},"metadata":{"operationMetadataId":"01ed12a3-8f95-4821-afb3-d78f122b77a0"},"type":"SetVariable","inputs":{"name":"Boolean Check","value":"@true"}},"Condition_3":{"actions":{},"runAfter":{"Delay_4":["Succeeded"]},"else":{"actions":{"Send_an_email_(V2)_3":{"runAfter":{},"metadata":{"operationMetadataId":"b0d5f637-03b5-44dc-8d70-576cc79ed636"},"type":"OpenApiConnection","inputs":{"host":{"connectionName":"shared_office365_1","operationId":"SendEmailV2","apiId":"/providers/Microsoft.PowerApps/apis/shared_office365"},"parameters":{"emailMessage/To":"@outputs('Get_Driver')?['body/bna_driveremail']","emailMessage/Subject":"Registration Stickers Follow-Up","emailMessage/Body":"<p><br>\nPlease check Approval.<br>\nThanks</p>","emailMessage/Cc":"@variables('Driver Supervisor Email')","emailMessage/Importance":"Normal"},"authentication":"@parameters('$authentication')"}}}},"expression":{"equals":["@variables('Boolean Check')","@true"]},"metadata":{"operationMetadataId":"1cecc132-2e32-4301-a302-de3f758d5240"},"type":"If"}},"runAfter":{"Initialize_variable":["Succeeded"]},"expression":{"equals":["@triggerOutputs()?['body/bna_sendtabstodriver']","@true"]},"metadata":{"operationMetadataId":"543ee084-24b6-44ca-89fa-e0661a35b4e1"},"type":"If"},"Approval_Response":{"runAfter":{},"metadata":{"operationMetadataId":"b8308b33-9702-4f6e-a391-fb3287c75c0a"},"type":"InitializeVariable","inputs":{"variables":[{"name":"Approval Response","type":"string","value":"@{null}"}]}},"Driver_Supervisor":{"runAfter":{"Approval_Response":["Succeeded"]},"metadata":{"operationMetadataId":"1a2bee2f-b51b-46ef-9d73-2e824d84d6c7"},"type":"InitializeVariable","inputs":{"variables":[{"name":"Driver Supervisor Email","type":"string","value":"@{null}"}]}},"Initialize_variable":{"runAfter":{"Driver_Supervisor":["Succeeded"]},"metadata":{"operationMetadataId":"8ddc6763-c04f-49ed-8e1b-79858ed81fdf"},"type":"InitializeVariable","inputs":{"variables":[{"name":"Boolean Check","type":"boolean","value":"@false"}]}}},"outputs":{}},"connectionReferences":{"shared_commondataserviceforapps_1":{"connectionName":"628a710506754f6bb9e7cad319e1ee34","source":"Embedded","id":"/providers/Microsoft.PowerApps/apis/shared_commondataserviceforapps","tier":"NotSpecified"},"shared_office365_1":{"connectionName":"832b7532ef644c2db1ea386686733f88","source":"Embedded","id":"/providers/Microsoft.PowerApps/apis/shared_office365","tier":"NotSpecified"}},"flowFailureAlertSubscribed":false,"isManaged":false}}