{"name":"3fa3c28b-6d86-4edc-8ea8-0d19d564dc5d","id":"/providers/Microsoft.Flow/flows/3fa3c28b-6d86-4edc-8ea8-0d19d564dc5d","type":"Microsoft.Flow/flows","properties":{"apiId":"/providers/Microsoft.PowerApps/apis/shared_logicflows","displayName":"send password request","definition":{"metadata":{"workflowEntityId":null,"processAdvisorMetadata":null,"flowclientsuspensionreason":"None","flowclientsuspensiontime":null,"flowclientsuspensionreasondetails":null,"creator":{"id":"508b7e4d-7605-45ad-88ed-514e19fb1032","type":"User","tenantId":"591c1d1e-70f9-418c-b5f0-c8d6dc17bd3b"},"provisioningMethod":"FromDefinition","failureAlertSubscription":true,"clientLastModifiedTime":"2022-12-14T13:32:38.1361167Z"},"$schema":"https://schema.management.azure.com/providers/Microsoft.Logic/schemas/2016-06-01/workflowdefinition.json#","contentVersion":"1.0.0.0","parameters":{"$connections":{"defaultValue":{},"type":"Object"},"$authentication":{"defaultValue":{},"type":"SecureObject"}},"triggers":{"manual":{"metadata":{"operationMetadataId":"b4864a0b-a909-403f-843a-26ac5f353cf2"},"type":"Request","kind":"Http","inputs":{"schema":{"type":"object","properties":{"email":{"type":"string"},"username":{"type":"string"},"password":{"type":"string"}}}}}},"actions":{"List_rows":{"runAfter":{},"metadata":{"operationMetadataId":"0e48cff2-f32d-4c91-975b-14dca7066efa"},"type":"OpenApiConnection","inputs":{"host":{"apiId":"/providers/Microsoft.PowerApps/apis/shared_commondataserviceforapps","connectionName":"shared_commondataserviceforapps","operationId":"ListRecords"},"parameters":{"entityName":"contacts","$select":"adx_identity_username,contactid","$filter":"(emailaddress1 eq '@{triggerBody()?['email']}' and adx_identity_username ne null)"},"authentication":"@parameters('$authentication')"}},"Condition":{"actions":{"Apply_to_each":{"foreach":"@outputs('List_rows')?['body/value']","actions":{"Update_a_row":{"runAfter":{},"metadata":{"operationMetadataId":"00696abe-0b38-48b1-9723-9e0e61819e00"},"type":"OpenApiConnection","inputs":{"host":{"apiId":"/providers/Microsoft.PowerApps/apis/shared_commondataserviceforapps","connectionName":"shared_commondataserviceforapps","operationId":"UpdateRecord"},"parameters":{"entityName":"contacts","recordId":"@items('Apply_to_each')?['contactid']","item/adx_identity_newpassword":"@triggerBody()?['password']"},"authentication":"@parameters('$authentication')"}}},"runAfter":{},"metadata":{"operationMetadataId":"cf83032e-8c0d-4c1f-a273-2495f968dcfb"},"type":"Foreach"},"Send_an_email_(V2)":{"runAfter":{"Set_variable":["Succeeded"]},"metadata":{"operationMetadataId":"8ba91ed1-7f27-416d-98db-c11d487a2f3d"},"type":"OpenApiConnection","inputs":{"host":{"apiId":"/providers/Microsoft.PowerApps/apis/shared_office365","connectionName":"shared_office365_1","operationId":"SendEmailV2"},"parameters":{"emailMessage/To":"@triggerBody()?['email']","emailMessage/Subject":"Password reset request","emailMessage/Body":"<p>Hi,<br>\n<br>\nYour password is reset successfully. Details are blow<br>\n<br>\nEmail: @{triggerBody()?['email']}<br>\nPassword: @{triggerBody()?['password']}<br>\n<br>\nPlease click on this link to <a href=\"https://metrominintake.powerappsportals.com/SignIn\">signin</a> &nbsp;</p>","emailMessage/Importance":"Normal"},"authentication":"@parameters('$authentication')"}},"Response":{"runAfter":{"Send_an_email_(V2)":["Succeeded"]},"metadata":{"operationMetadataId":"8376187a-534c-4ab1-9036-b2aab888da02"},"type":"Response","kind":"Http","inputs":{"statusCode":200,"body":"Password reset successfully, please check your email"}},"Set_variable":{"runAfter":{"Apply_to_each":["Succeeded"]},"metadata":{"operationMetadataId":"d27338d9-280f-4d79-825f-c13035fcb85f"},"type":"SetVariable","inputs":{"name":"RecordFound","value":"@true"}}},"runAfter":{"Initialize_variable":["Succeeded"]},"else":{"actions":{"Set_variable_2":{"runAfter":{},"metadata":{"operationMetadataId":"bd075c91-2e3b-4e18-afb3-8cbb0ad84db3"},"type":"SetVariable","inputs":{"name":"RecordFound","value":"@false"}},"Response_2":{"runAfter":{"Set_variable_2":["Succeeded"]},"metadata":{"operationMetadataId":"b6eb955c-0985-4a34-822a-0606dab861c4"},"type":"Response","kind":"Http","inputs":{"statusCode":200,"headers":{"Content-Type":"application/json"},"body":"User is not found against your entered email, Please enter valid email address"}}}},"expression":{"greater":["@length(outputs('List_rows')?['body/value'])",0]},"metadata":{"operationMetadataId":"3a89def1-f5d9-45e2-bc9b-0afe41aa3e1d"},"type":"If"},"Initialize_variable":{"runAfter":{"List_rows":["Succeeded"]},"metadata":{"operationMetadataId":"8c35495e-7951-45b6-a93f-064bf2f08d31"},"type":"InitializeVariable","inputs":{"variables":[{"name":"RecordFound","type":"boolean","value":"@null"}]}}},"outputs":{}},"connectionReferences":{"shared_commondataserviceforapps":{"connectionName":"aef5d6b8e91345adafa6890208175a2b","source":"Embedded","id":"/providers/Microsoft.PowerApps/apis/shared_commondataserviceforapps","tier":"NotSpecified"},"shared_office365_1":{"connectionName":"shared-office365-9571a712-afed-4916-8196-3a75ba31b775","source":"Embedded","id":"/providers/Microsoft.PowerApps/apis/shared_office365","tier":"NotSpecified"}},"flowFailureAlertSubscribed":false,"isManaged":false}}